-- Adminer 4.2.4 MySQL dump

SET NAMES utf8;
SET time_zone = '+00:00';
SET foreign_key_checks = 0;
SET sql_mode = 'NO_AUTO_VALUE_ON_ZERO';

DROP TABLE IF EXISTS `begen`;
CREATE TABLE `begen` (
  `id` int(11) NOT NULL AUTO_INCREMENT,
  `icerikid` int(11) DEFAULT NULL,
  `begenitip` varchar(11) DEFAULT NULL,
  `kulladi` int(11) DEFAULT NULL,
  `tarih` text,
  `tiplike` varchar(15) NOT NULL,
  `domainaccess` varchar(100) NOT NULL,
  PRIMARY KEY (`id`),
  KEY `id` (`id`),
  KEY `icerikid` (`icerikid`),
  KEY `begenitip` (`begenitip`),
  KEY `tiplike` (`tiplike`)
) ENGINE=InnoDB DEFAULT CHARSET=utf8;


DROP TABLE IF EXISTS `categories`;
CREATE TABLE `categories` (
  `id` int(10) unsigned NOT NULL AUTO_INCREMENT,
  `name` varchar(50) COLLATE utf8_unicode_ci NOT NULL,
  `name_slug` varchar(70) COLLATE utf8_unicode_ci NOT NULL,
  `description` varchar(550) COLLATE utf8_unicode_ci DEFAULT NULL,
  `type` varchar(255) COLLATE utf8_unicode_ci NOT NULL,
  `created_at` timestamp NOT NULL DEFAULT '0000-00-00 00:00:00',
  `updated_at` timestamp NOT NULL DEFAULT '0000-00-00 00:00:00',
  PRIMARY KEY (`id`)
) ENGINE=InnoDB DEFAULT CHARSET=utf8 COLLATE=utf8_unicode_ci;

INSERT INTO `categories` (`id`, `name`, `name_slug`, `description`, `type`, `created_at`, `updated_at`) VALUES
(1,	'List1',	'List1',	'List1',	'list',	'2016-05-06 01:55:44',	'2016-05-06 01:55:44'),
(2,	'cat1',	'cat1',	'asdsds s sdsdsd sd sdsds',	'quiz',	'2016-05-06 03:35:54',	'2016-05-06 03:35:54');

DROP TABLE IF EXISTS `domains`;
CREATE TABLE `domains` (
  `id` int(10) NOT NULL AUTO_INCREMENT,
  `user_id` int(10) DEFAULT NULL,
  `user_domain` varchar(255) DEFAULT NULL,
  PRIMARY KEY (`id`)
) ENGINE=MyISAM DEFAULT CHARSET=utf8;

INSERT INTO `domains` (`id`, `user_id`, `user_domain`) VALUES
(1,	8,	'minisite.fortvision.com'),
(2,	37,	''),
(3,	13,	'minisite.fortvision.com'),
(4,	37,	'minisite.fortvision.com'),
(5,	7,	'minisite.fortvision.com'),
(6,	39,	'minisite.fortvision.com');

DROP TABLE IF EXISTS `entrys`;
CREATE TABLE `entrys` (
  `id` int(10) unsigned NOT NULL AUTO_INCREMENT,
  `post_id` int(11) NOT NULL,
  `user_id` int(11) NOT NULL,
  `order` int(11) NOT NULL,
  `type` varchar(255) COLLATE utf8_unicode_ci NOT NULL,
  `title` varchar(255) COLLATE utf8_unicode_ci NOT NULL,
  `body` text COLLATE utf8_unicode_ci NOT NULL,
  `image` varchar(255) COLLATE utf8_unicode_ci DEFAULT NULL,
  `video` varchar(1000) COLLATE utf8_unicode_ci DEFAULT NULL,
  `source` varchar(1000) COLLATE utf8_unicode_ci DEFAULT NULL,
  `is_correct` enum('1','0') COLLATE utf8_unicode_ci NOT NULL DEFAULT '0',
  `created_at` timestamp NOT NULL DEFAULT '0000-00-00 00:00:00',
  `updated_at` timestamp NOT NULL DEFAULT '0000-00-00 00:00:00',
  `deleted_at` timestamp NULL DEFAULT NULL,
  PRIMARY KEY (`id`)
) ENGINE=InnoDB DEFAULT CHARSET=utf8 COLLATE=utf8_unicode_ci;

INSERT INTO `entrys` (`id`, `post_id`, `user_id`, `order`, `type`, `title`, `body`, `image`, `video`, `source`, `is_correct`, `created_at`, `updated_at`, `deleted_at`) VALUES
(84,	51,	7,	0,	'poll',	'1',	'',	NULL,	NULL,	NULL,	'0',	'2016-06-09 03:56:42',	'2016-06-09 03:56:42',	NULL),
(85,	51,	7,	1,	'poll',	'2',	'',	NULL,	NULL,	NULL,	'0',	'2016-06-09 03:56:42',	'2016-06-09 03:56:42',	NULL),
(86,	52,	7,	0,	'quizquestion',	'111111111111',	'',	'2016-06/09/52-0-23407b34f5ff194373f977244a132758.jpg',	'2',	'',	'0',	'2016-06-09 04:03:50',	'2016-06-09 04:03:50',	NULL),
(87,	52,	7,	0,	'answer',	'111111111',	'',	'2016-06/09/52-qu-86-answer-0-ff54d7e9695ec82fb660fa4c2baedf3e.jpg',	'',	'86',	'',	'2016-06-09 04:03:51',	'2016-06-09 04:03:51',	NULL),
(88,	52,	7,	1,	'answer',	'22222',	'',	'2016-06/09/52-qu-86-answer-1-76fd13f4ffa135a6d63e233969298ae0.jpg',	'',	'86',	'',	'2016-06-09 04:03:51',	'2016-06-09 04:03:51',	NULL),
(89,	53,	7,	0,	'text',	'111111111',	'<p>111111111111</p>',	NULL,	NULL,	'1111111111111',	'0',	'2016-06-09 04:05:22',	'2016-06-09 04:05:22',	NULL),
(90,	53,	7,	1,	'text',	'1111111',	'<p>111111111111</p>',	NULL,	NULL,	'111111111111',	'0',	'2016-06-09 04:05:22',	'2016-06-09 04:05:22',	NULL),
(91,	53,	7,	2,	'image',	'1111111111111111',	'<p>11111111111</p>',	'2016-06/09/53-2-72791af44644e5e06d130f3c17638ef1.jpg',	NULL,	'',	'0',	'2016-06-09 04:05:22',	'2016-06-09 04:05:22',	NULL),
(92,	54,	7,	0,	'text',	'',	'<p>2222222222222222222</p>',	NULL,	NULL,	'',	'0',	'2016-06-09 09:28:02',	'2016-06-09 09:28:02',	NULL),
(93,	55,	10,	0,	'video',	'',	'',	NULL,	'<iframe src=\"//www.youtube.com/embed/N533BKtY_Gw\" width=\"100%\" height=\"400\" frameborder=\"0\" allowfullscreen></iframe>',	'',	'0',	'2016-06-09 17:48:53',	'2016-06-09 17:48:53',	NULL),
(94,	56,	10,	0,	'video',	'',	'',	NULL,	'<iframe src=\"//www.youtube.com/embed/N533BKtY_Gw\" width=\"100%\" height=\"400\" frameborder=\"0\" allowfullscreen></iframe>',	'',	'0',	'2016-06-09 17:54:52',	'2016-06-09 17:54:52',	NULL),
(95,	57,	10,	0,	'text',	'1432645756 6t98y097',	'<p>&nbsp;ru rdsujdikr yoltu;lt8y;l</p>',	NULL,	NULL,	'',	'0',	'2016-06-09 18:06:37',	'2016-06-09 18:06:37',	NULL),
(97,	58,	7,	0,	'poll',	'99999999999999999',	'',	NULL,	NULL,	NULL,	'0',	'2016-06-10 04:10:02',	'2016-06-10 04:10:02',	NULL),
(98,	58,	7,	0,	'poll',	'9999999999999999999999999999',	'',	NULL,	NULL,	NULL,	'0',	'2016-06-10 04:10:02',	'2016-06-10 04:10:02',	NULL),
(99,	59,	7,	0,	'text',	'',	'<p>TEst&nbsp;TEstTEstTEstTEst</p>',	NULL,	NULL,	'',	'0',	'2016-06-10 04:14:38',	'2016-06-10 04:14:38',	NULL),
(103,	49,	7,	0,	'video',	'',	'',	NULL,	'<iframe src=\"//player.vimeo.com/video/65253372\" width=\"100%\" height=\"400\" frameborder=\"0\" webkitAllowFullScreen mozallowfullscreen allowFullScreen></iframe>',	'',	'0',	'2016-06-10 04:34:30',	'2016-06-10 04:34:30',	NULL),
(105,	60,	7,	0,	'video',	'',	'',	NULL,	'<iframe src=\"//www.youtube.com/embed/7McFbkavBGc\" width=\"100%\" height=\"400\" frameborder=\"0\" allowfullscreen></iframe>',	'',	'0',	'2016-06-10 06:00:24',	'2016-06-10 06:00:24',	NULL),
(106,	61,	13,	0,	'text',	'',	'<p>Xxccccfffff ddx</p>',	NULL,	NULL,	'',	'0',	'2016-06-11 11:08:44',	'2016-06-11 11:08:44',	NULL),
(107,	61,	13,	1,	'image',	'',	'',	'2016-06/11/61-1-50d01eabaa8b161b7e3e7b7991b23467.jpg',	NULL,	'',	'0',	'2016-06-11 11:08:44',	'2016-06-11 11:08:44',	NULL),
(108,	62,	7,	0,	'poll',	'12345',	'',	NULL,	NULL,	NULL,	'0',	'2016-06-12 20:53:53',	'2016-06-12 20:53:53',	NULL),
(109,	63,	1,	0,	'video',	'dfgdghd',	'',	NULL,	'<iframe src=\"//www.youtube.com/embed/AoizSL-TEJQ\" width=\"100%\" height=\"400\" frameborder=\"0\" allowfullscreen></iframe>',	'',	'0',	'2016-06-14 09:25:14',	'2016-06-14 09:25:14',	NULL),
(110,	64,	13,	0,	'poll',	'ככ',	'',	NULL,	NULL,	NULL,	'0',	'2016-06-14 11:54:57',	'2016-06-14 11:54:57',	NULL),
(111,	64,	13,	1,	'poll',	'חח',	'',	NULL,	NULL,	NULL,	'0',	'2016-06-14 11:54:57',	'2016-06-14 11:54:57',	NULL),
(112,	64,	13,	2,	'poll',	'לל',	'',	NULL,	NULL,	NULL,	'0',	'2016-06-14 11:54:57',	'2016-06-14 11:54:57',	NULL),
(113,	65,	7,	0,	'poll',	'Create Poll',	'',	NULL,	NULL,	NULL,	'0',	'2016-06-15 10:45:53',	'2016-06-15 10:45:53',	NULL),
(114,	66,	7,	0,	'poll',	'1',	'',	NULL,	NULL,	NULL,	'0',	'2016-06-17 11:56:16',	'2016-06-17 11:56:16',	NULL),
(115,	68,	7,	0,	'poll',	'11111',	'',	NULL,	NULL,	NULL,	'0',	'2016-06-21 11:44:52',	'2016-06-21 11:44:52',	NULL),
(116,	70,	7,	0,	'poll',	'dsfsdfsdfds',	'',	NULL,	NULL,	NULL,	'0',	'2016-06-21 11:53:14',	'2016-06-21 11:53:14',	NULL),
(117,	71,	7,	0,	'poll',	'234243',	'',	NULL,	NULL,	NULL,	'0',	'2016-06-21 11:59:37',	'2016-06-21 11:59:37',	NULL),
(118,	72,	7,	0,	'poll',	'erwr',	'',	NULL,	NULL,	NULL,	'0',	'2016-06-22 08:15:14',	'2016-06-22 08:15:14',	NULL),
(119,	73,	7,	0,	'poll',	'fdgdfgdfgdf',	'',	NULL,	NULL,	NULL,	'0',	'2016-06-22 08:20:10',	'2016-06-22 08:20:10',	NULL),
(120,	74,	37,	0,	'poll',	'ewqerewrfew',	'',	NULL,	NULL,	NULL,	'0',	'2016-06-22 12:31:30',	'2016-06-22 12:31:30',	NULL),
(121,	75,	7,	0,	'poll',	'23231321',	'',	NULL,	NULL,	NULL,	'0',	'2016-06-22 12:32:37',	'2016-06-22 12:32:37',	NULL),
(122,	76,	8,	0,	'poll',	'גכעהכגעגכהעגכעהגכ',	'',	NULL,	NULL,	NULL,	'0',	'2016-06-22 12:34:22',	'2016-06-22 12:34:22',	NULL),
(123,	76,	8,	1,	'poll',	'עהגכעהגכהעגכהעדגהעכג',	'',	NULL,	NULL,	NULL,	'0',	'2016-06-22 12:34:22',	'2016-06-22 12:34:22',	NULL),
(124,	77,	39,	0,	'poll',	'Fjfjbf BC bfh',	'',	NULL,	NULL,	NULL,	'0',	'2016-06-22 13:10:46',	'2016-06-22 13:10:46',	NULL),
(125,	77,	39,	1,	'poll',	'Dhdhfbhfbd',	'',	NULL,	NULL,	NULL,	'0',	'2016-06-22 13:10:46',	'2016-06-22 13:10:46',	NULL),
(126,	77,	39,	2,	'poll',	'Chchhchchf',	'',	NULL,	NULL,	NULL,	'0',	'2016-06-22 13:10:46',	'2016-06-22 13:10:46',	NULL),
(127,	78,	8,	0,	'poll',	'גנכענגנעגנעגדנענ',	'',	NULL,	NULL,	NULL,	'0',	'2016-06-23 04:26:47',	'2016-06-23 04:26:47',	NULL),
(128,	78,	8,	1,	'poll',	'גכענגכענגכענגכנעגנדענגכ',	'',	NULL,	NULL,	NULL,	'0',	'2016-06-23 04:26:47',	'2016-06-23 04:26:47',	NULL),
(129,	79,	42,	0,	'poll',	'יום ראשון',	'',	NULL,	NULL,	NULL,	'0',	'2016-06-23 11:51:05',	'2016-06-23 11:51:05',	NULL),
(130,	79,	42,	1,	'poll',	'יום שני',	'',	NULL,	NULL,	NULL,	'0',	'2016-06-23 11:51:05',	'2016-06-23 11:51:05',	NULL),
(131,	79,	42,	2,	'poll',	'יום שלישי',	'',	NULL,	NULL,	NULL,	'0',	'2016-06-23 11:51:05',	'2016-06-23 11:51:05',	NULL),
(132,	79,	42,	3,	'poll',	'יום רביעי',	'',	NULL,	NULL,	NULL,	'0',	'2016-06-23 11:51:05',	'2016-06-23 11:51:05',	NULL),
(133,	80,	14,	0,	'poll',	'23rt',	'',	NULL,	NULL,	NULL,	'0',	'2016-06-23 11:56:34',	'2016-06-23 11:56:34',	NULL),
(134,	80,	14,	1,	'poll',	'zsd',	'',	NULL,	NULL,	NULL,	'0',	'2016-06-23 11:56:34',	'2016-06-23 11:56:34',	NULL),
(135,	81,	14,	0,	'poll',	'asdaseda21',	'',	NULL,	NULL,	NULL,	'0',	'2016-06-23 11:57:04',	'2016-06-23 11:57:04',	NULL),
(136,	81,	14,	1,	'poll',	'trst',	'',	NULL,	NULL,	NULL,	'0',	'2016-06-23 11:57:04',	'2016-06-23 11:57:04',	NULL),
(137,	82,	14,	0,	'poll',	'testt',	'',	NULL,	NULL,	NULL,	'0',	'2016-06-23 12:00:03',	'2016-06-23 12:00:03',	NULL),
(138,	82,	14,	1,	'poll',	'test2',	'',	NULL,	NULL,	NULL,	'0',	'2016-06-23 12:00:03',	'2016-06-23 12:00:03',	NULL),
(139,	83,	42,	0,	'poll',	'יו םראשון',	'',	NULL,	NULL,	NULL,	'0',	'2016-06-23 12:02:02',	'2016-06-23 12:02:02',	NULL),
(140,	83,	42,	1,	'poll',	'יו שני',	'',	NULL,	NULL,	NULL,	'0',	'2016-06-23 12:02:02',	'2016-06-23 12:02:02',	NULL),
(141,	83,	42,	2,	'poll',	'יו שלישי',	'',	NULL,	NULL,	NULL,	'0',	'2016-06-23 12:02:02',	'2016-06-23 12:02:02',	NULL),
(142,	84,	42,	0,	'quizquestion',	'החיים טובים',	'',	'2016-06/23/84-0-42311bb861500942186fe40374bf1f71.jpg',	'3',	'',	'0',	'2016-06-23 12:03:37',	'2016-06-23 12:03:37',	NULL),
(143,	84,	42,	0,	'answer',	'החיים טובים',	'',	NULL,	'',	'142',	'1',	'2016-06-23 12:03:37',	'2016-06-23 12:03:37',	NULL),
(144,	84,	42,	1,	'answer',	'החיים קשים',	'',	NULL,	'',	'142',	'',	'2016-06-23 12:03:37',	'2016-06-23 12:03:37',	NULL),
(145,	84,	42,	2,	'answer',	'וואלה לא יודע',	'',	NULL,	'',	'142',	'',	'2016-06-23 12:03:37',	'2016-06-23 12:03:37',	NULL),
(146,	85,	42,	0,	'text',	'',	'<p>גכנעגכע כגענגכענגכ גכענגכע גכענגכעננכעגנע גכענגכענ</p>',	NULL,	NULL,	'',	'0',	'2016-06-23 12:07:47',	'2016-06-23 12:07:47',	NULL),
(147,	85,	42,	1,	'image',	'',	'',	'2016-06/23/85-1-546c29aa619b132131cec74221a8f771.jpg',	NULL,	'',	'0',	'2016-06-23 12:07:47',	'2016-06-23 12:07:47',	NULL),
(148,	86,	1,	0,	'quizquestion',	'jtdtyj drtjdt dtj',	'',	'2016-06/24/86-0-2a801661b36d90415efc6b090d13d37c.jpg',	'3',	'',	'0',	'2016-06-24 04:59:08',	'2016-06-24 04:59:08',	NULL),
(149,	86,	1,	0,	'answer',	'jtdtyj drtjdt dtj',	'',	NULL,	'',	'148',	'1',	'2016-06-24 04:59:08',	'2016-06-24 04:59:08',	NULL),
(150,	86,	1,	1,	'answer',	'sdfghjklihytfrtcv',	'',	NULL,	'',	'148',	'',	'2016-06-24 04:59:08',	'2016-06-24 04:59:08',	NULL),
(151,	87,	46,	0,	'poll',	'Djdhxhxh',	'',	NULL,	NULL,	NULL,	'0',	'2016-06-24 05:45:09',	'2016-06-24 05:45:09',	NULL),
(152,	87,	46,	1,	'poll',	'Djxhxhxh',	'',	NULL,	NULL,	NULL,	'0',	'2016-06-24 05:45:09',	'2016-06-24 05:45:09',	NULL),
(153,	88,	46,	0,	'quizquestion',	'Xhxhxhxhxhxh',	'',	'2016-06/24/88-0-f8bd12aefc9d3d237108b03350477694.jpg',	'3',	'',	'0',	'2016-06-24 05:46:04',	'2016-06-24 05:46:04',	NULL),
(154,	88,	46,	0,	'answer',	'Xhxhxhxhxhxh',	'',	NULL,	'',	'153',	'1',	'2016-06-24 05:46:04',	'2016-06-24 05:46:04',	NULL),
(155,	88,	46,	1,	'answer',	'Xnxkzxbxbxhxh',	'',	NULL,	'',	'153',	'',	'2016-06-24 05:46:04',	'2016-06-24 05:46:04',	NULL),
(156,	88,	46,	2,	'answer',	'Xjxhxvzbxnncbxbxb',	'',	NULL,	'',	'153',	'',	'2016-06-24 05:46:04',	'2016-06-24 05:46:04',	NULL),
(157,	89,	46,	0,	'text',	'',	'<p>Xhxhxbxbvxhxbxbxhc</p>',	NULL,	NULL,	'',	'0',	'2016-06-24 05:47:34',	'2016-06-24 05:47:34',	NULL),
(158,	89,	46,	1,	'image',	'',	'',	'2016-06/24/89-1-54ce93e0d7125f583657845eff28b217.jpg',	NULL,	'',	'0',	'2016-06-24 05:47:34',	'2016-06-24 05:47:34',	NULL),
(159,	90,	45,	0,	'video',	'',	'',	NULL,	'<iframe src=\"//www.youtube.com/embed/_sZpxVmp1e8\" width=\"100%\" height=\"400\" frameborder=\"0\" allowfullscreen></iframe>',	'',	'0',	'2016-06-24 05:48:20',	'2016-06-24 05:48:20',	NULL),
(160,	91,	49,	0,	'quizquestion',	'fdbgdbdfgbdbgsdbgfbgb',	'',	'2016-06/24/91-0-a547b7a9ac5920f0e56928a562b1dffe.jpg',	'3',	'',	'0',	'2016-06-24 10:52:58',	'2016-06-24 10:52:58',	NULL),
(161,	91,	49,	0,	'answer',	'fdbgdbdfgbdbgsdbgfbgb',	'',	NULL,	'',	'160',	'1',	'2016-06-24 10:52:58',	'2016-06-24 10:52:58',	NULL),
(162,	91,	49,	1,	'answer',	'dfgbdfgbdfgbfdgbdfgbdfbgdfbg',	'',	NULL,	'',	'160',	'',	'2016-06-24 10:52:58',	'2016-06-24 10:52:58',	NULL),
(163,	91,	49,	2,	'answer',	'fbgdbgdbgdbdfgbdfg',	'',	NULL,	'',	'160',	'',	'2016-06-24 10:52:58',	'2016-06-24 10:52:58',	NULL),
(164,	92,	44,	0,	'quizquestion',	'asdasdasd',	'',	'2016-06/24/92-0-7dd7c316a31a3f629b3fb7e92ec4d69a.jpg',	'3',	'',	'0',	'2016-06-24 11:04:48',	'2016-06-24 11:04:48',	NULL),
(165,	92,	44,	0,	'answer',	'asdasdasd',	'',	NULL,	'',	'164',	'',	'2016-06-24 11:04:48',	'2016-06-24 11:04:48',	NULL),
(166,	92,	44,	1,	'answer',	'asdasdasd',	'',	NULL,	'',	'164',	'',	'2016-06-24 11:04:48',	'2016-06-24 11:04:48',	NULL),
(167,	92,	44,	2,	'answer',	'asdasdasdasd',	'',	NULL,	'',	'164',	'',	'2016-06-24 11:04:48',	'2016-06-24 11:04:48',	NULL),
(168,	93,	44,	0,	'quizquestion',	'tesrtefds',	'',	'2016-06/24/93-0-da0c7727a7385ad4a9680699c4d33e74.jpg',	'3',	'',	'0',	'2016-06-24 11:16:54',	'2016-06-24 11:16:54',	NULL),
(169,	93,	44,	0,	'answer',	'tesrtefds',	'',	NULL,	'',	'168',	'',	'2016-06-24 11:16:54',	'2016-06-24 11:16:54',	NULL),
(170,	93,	44,	1,	'answer',	'wer12',	'',	NULL,	'',	'168',	'',	'2016-06-24 11:16:54',	'2016-06-24 11:16:54',	NULL),
(171,	93,	44,	2,	'answer',	'asdasda2',	'',	NULL,	'',	'168',	'',	'2016-06-24 11:16:54',	'2016-06-24 11:16:54',	NULL),
(172,	94,	44,	0,	'quizquestion',	'ertyuio',	'',	'2016-06/24/94-0-d9453aafa57611373903aaeb7a3c0297.jpg',	'3',	'',	'0',	'2016-06-24 11:24:00',	'2016-06-24 11:24:00',	NULL),
(173,	94,	44,	0,	'answer',	'ertyuio',	'',	NULL,	'',	'172',	'',	'2016-06-24 11:24:00',	'2016-06-24 11:24:00',	NULL),
(174,	94,	44,	1,	'answer',	'rtyuiop[',	'',	NULL,	'',	'172',	'',	'2016-06-24 11:24:00',	'2016-06-24 11:24:00',	NULL),
(175,	94,	44,	2,	'answer',	'lkjhgf',	'',	NULL,	'',	'172',	'',	'2016-06-24 11:24:00',	'2016-06-24 11:24:00',	NULL),
(176,	95,	44,	0,	'quizquestion',	'sad',	'',	'2016-06/24/95-0-749c013dbd486da3bb844c7cc4de92cb.jpg',	'3',	'',	'0',	'2016-06-24 11:27:22',	'2016-06-24 11:27:22',	NULL),
(177,	95,	44,	0,	'answer',	'sad',	'',	NULL,	'',	'176',	'',	'2016-06-24 11:27:22',	'2016-06-24 11:27:22',	NULL),
(178,	95,	44,	1,	'answer',	'asd',	'',	NULL,	'',	'176',	'',	'2016-06-24 11:27:22',	'2016-06-24 11:27:22',	NULL),
(179,	95,	44,	2,	'answer',	'as',	'',	NULL,	'',	'176',	'',	'2016-06-24 11:27:22',	'2016-06-24 11:27:22',	NULL),
(180,	96,	44,	0,	'quizquestion',	'asdasdas',	'',	'2016-06/24/96-0-2c6217268ed396a3681d9ee95b152ed7.jpg',	'3',	'',	'0',	'2016-06-24 11:39:08',	'2016-06-24 11:39:08',	NULL),
(181,	96,	44,	0,	'answer',	'asdasdas',	'',	NULL,	'',	'180',	'',	'2016-06-24 11:39:08',	'2016-06-24 11:39:08',	NULL),
(182,	96,	44,	1,	'answer',	'asdasdasd',	'',	NULL,	'',	'180',	'',	'2016-06-24 11:39:08',	'2016-06-24 11:39:08',	NULL),
(183,	96,	44,	2,	'answer',	'asdasdasda',	'',	NULL,	'',	'180',	'',	'2016-06-24 11:39:08',	'2016-06-24 11:39:08',	NULL),
(184,	97,	44,	0,	'quizquestion',	'asdasd',	'',	'2016-06/24/97-0-bad1e1dc7ba6eced8e0d1ed7f5685321.jpg',	'3',	'',	'0',	'2016-06-24 11:41:45',	'2016-06-24 11:41:45',	NULL),
(185,	97,	44,	0,	'answer',	'asdasd',	'',	NULL,	'',	'184',	'',	'2016-06-24 11:41:45',	'2016-06-24 11:41:45',	NULL),
(186,	97,	44,	1,	'answer',	'asdasdas',	'',	NULL,	'',	'184',	'',	'2016-06-24 11:41:45',	'2016-06-24 11:41:45',	NULL),
(187,	97,	44,	2,	'answer',	'asdasdasd',	'',	NULL,	'',	'184',	'',	'2016-06-24 11:41:45',	'2016-06-24 11:41:45',	NULL),
(188,	98,	44,	0,	'quizquestion',	'asdasdasd',	'',	'2016-06/24/98-0-75ef82a2d59a0182994b5c6a4d0d094d.jpg',	'3',	'',	'0',	'2016-06-24 11:47:30',	'2016-06-24 11:47:30',	NULL),
(189,	98,	44,	0,	'answer',	'asdasdasd',	'',	NULL,	'',	'188',	'',	'2016-06-24 11:47:30',	'2016-06-24 11:47:30',	NULL),
(190,	98,	44,	1,	'answer',	'wqeqweqwds',	'',	NULL,	'',	'188',	'',	'2016-06-24 11:47:30',	'2016-06-24 11:47:30',	NULL),
(191,	98,	44,	2,	'answer',	'xczxczxczxc',	'',	NULL,	'',	'188',	'',	'2016-06-24 11:47:30',	'2016-06-24 11:47:30',	NULL),
(192,	99,	44,	0,	'quizquestion',	'yugtuyuih',	'<p>asdasdasd</p>',	'2016-06/24/99-0-52b4581172ddf836a301bc4205437039.jpg',	'3',	'',	'0',	'2016-06-24 11:49:10',	'2016-06-24 11:49:10',	NULL),
(193,	99,	44,	0,	'answer',	'yugtuyuih',	'',	NULL,	'',	'192',	'',	'2016-06-24 11:49:10',	'2016-06-24 11:49:10',	NULL),
(194,	99,	44,	1,	'answer',	'dftgk',	'',	NULL,	'',	'192',	'',	'2016-06-24 11:49:10',	'2016-06-24 11:49:10',	NULL),
(195,	99,	44,	2,	'answer',	'iutfvbjjn',	'',	NULL,	'',	'192',	'',	'2016-06-24 11:49:10',	'2016-06-24 11:49:10',	NULL),
(196,	100,	44,	0,	'quizquestion',	'xzczxczxc',	'',	'2016-06/24/100-0-1bbe66fe09cc18fe0a80848570d1fbdd.jpg',	'3',	'',	'0',	'2016-06-24 11:54:36',	'2016-06-24 11:54:36',	NULL),
(197,	100,	44,	0,	'answer',	'xzczxczxc',	'',	NULL,	'',	'196',	'',	'2016-06-24 11:54:36',	'2016-06-24 11:54:36',	NULL),
(198,	100,	44,	1,	'answer',	'sadasdasd',	'',	NULL,	'',	'196',	'',	'2016-06-24 11:54:36',	'2016-06-24 11:54:36',	NULL),
(199,	100,	44,	2,	'answer',	'qweqweqwe',	'',	NULL,	'',	'196',	'',	'2016-06-24 11:54:36',	'2016-06-24 11:54:36',	NULL),
(200,	101,	44,	0,	'quizquestion',	'sadasd',	'<p>xzczxczxc</p>',	'2016-06/24/101-0-2b41f34e95e0ad790ec665388ee2d445.jpg',	'3',	'',	'0',	'2016-06-24 11:55:52',	'2016-06-24 11:55:52',	NULL),
(201,	101,	44,	0,	'answer',	'sadasd',	'',	NULL,	'',	'200',	'',	'2016-06-24 11:55:52',	'2016-06-24 11:55:52',	NULL),
(202,	101,	44,	1,	'answer',	'asdasdw',	'',	NULL,	'',	'200',	'',	'2016-06-24 11:55:52',	'2016-06-24 11:55:52',	NULL),
(203,	101,	44,	2,	'answer',	'qweqweqw',	'',	NULL,	'',	'200',	'',	'2016-06-24 11:55:52',	'2016-06-24 11:55:52',	NULL);

DROP TABLE IF EXISTS `followers`;
CREATE TABLE `followers` (
  `id` int(10) unsigned NOT NULL AUTO_INCREMENT,
  `user_id` int(11) NOT NULL,
  `followed_id` int(11) NOT NULL,
  `created_at` timestamp NOT NULL DEFAULT '0000-00-00 00:00:00',
  `updated_at` timestamp NOT NULL DEFAULT '0000-00-00 00:00:00',
  PRIMARY KEY (`id`)
) ENGINE=InnoDB DEFAULT CHARSET=utf8 COLLATE=utf8_unicode_ci;

INSERT INTO `followers` (`id`, `user_id`, `followed_id`, `created_at`, `updated_at`) VALUES
(2,	7,	10,	'2016-06-17 07:01:12',	'2016-06-17 07:01:12');

DROP TABLE IF EXISTS `images`;
CREATE TABLE `images` (
  `id` int(10) unsigned NOT NULL AUTO_INCREMENT,
  `source` varchar(255) DEFAULT NULL,
  PRIMARY KEY (`id`)
) ENGINE=InnoDB DEFAULT CHARSET=utf8;

INSERT INTO `images` (`id`, `source`) VALUES
(1,	'2016-06/12/create-pollcreate-pollcreate_1465775633'),
(2,	'2016-06/14/fnhfd-hrshehetdhye-hehed_1465907114'),
(3,	'2016-06/14/איך-קוראים-לך_1465916097'),
(4,	'2016-06/15/create-poll-create-pollcreate-poll_1465997541'),
(5,	'2016-06/15/1create-pollcreate-pollcreate-poll1_1465998353'),
(6,	'2016-06/17/poll-entries-member1_1466175375'),
(7,	'2016-06/21/textured-blue-test_1466520292'),
(8,	'2016-06/21/dfdgdfgdfhgfd_1466520562'),
(9,	'2016-06/21/fgfhfhfghf_1466520694'),
(10,	'2016-06/21/dfgdfgfdgfdgdfg_1466520794'),
(11,	'2016-06/21/24234234234234_1466521177'),
(12,	'2016-06/22/dsafsdgsdgsdg_1466594114'),
(13,	'2016-06/22/fdgfdgdfhgfhgf_1466594410'),
(14,	'2016-06/22/fvdsfvdsfvdsvfvdsfvsd-sdfvsdfvsdv_1466608812'),
(15,	'2016-06/22/create-news-test-4111111_1466609131'),
(16,	'2016-06/22/111111111111111111111111_1466609180'),
(17,	'2016-06/22/rwrewrwerw_1466609226'),
(18,	'2016-06/22/djdhdhhdhxgxg_1466609242'),
(19,	'2016-06/22/gdgdsfgbsdfgbsdfbgs_1466609278'),
(20,	'2016-06/22/1111111111111_1466609370'),
(21,	'2016-06/22/fdgfdsgfdsg_1466609490'),
(22,	'2016-06/22/1111111111111111111_1466609557'),
(23,	'2016-06/22/אקלהרקלאחיהקרלךאחיקרלאחהיקראה_1466609661'),
(24,	'2016-06/22/blblvlblbllblblb_1466611846'),
(25,	'2016-06/23/כענגכענגכענדגדעגנעד_1466666806'),
(26,	'2016-06/23/איזה-יום-היום?_1466693465'),
(27,	'2016-06/23/asdfghsadasdq234rxv_1466693794'),
(28,	'2016-06/23/we3dddr3wq41qveg_1466693824'),
(29,	'2016-06/23/test12312423123xcz_1466694003'),
(30,	'2016-06/23/1_1466694122'),
(31,	'2016-06/23/מה-שלשומך?!?_1466694217'),
(32,	'2016-06/23/fgdsgbdsfg_1466694467'),
(33,	'2016-06/24/dthfyjffjgjgdjtj-rtuj_1466755148'),
(34,	'2016-06/24/fjdhdh_1466757909'),
(35,	'2016-06/24/jdhdhxhxxmcj-hsh_1466757964'),
(36,	'2016-06/24/djxhxhnxjxh-djfhhc_1466758054'),
(37,	'2016-06/24/fgbdsgbsdfgbfdsgbd_1466758100'),
(38,	'2016-06/24/fgbdsgbdfgbdfsgbdfgbdsfgbdfbg_1466776377'),
(39,	'2016-06/24/121ojsdiofvjsdiofjciosdjdoidsjxkmlvklsdzjmacsu_1466777088'),
(40,	'2016-06/24/mega-testssssssss_1466777814'),
(41,	'2016-06/24/asdfghjklertyuiopertyuiop_1466778240'),
(42,	'2016-06/24/wwwwadszcxxxxxxxwq_1466778442'),
(43,	'2016-06/24/tewtsedtsd_1466779148'),
(44,	'2016-06/24/poiuytrewqazxc-vb_1466779305'),
(45,	'2016-06/24/poiuytrewsdfghjkjnbvc_1466779650'),
(46,	'2016-06/24/lkjogtdmtfgcvujkopkl_1466779749'),
(47,	'2016-06/24/poiuygtfrdszxcvbnmnbvcxzxcv_1466780076'),
(48,	'2016-06/24/sdasdasdwqeqwdzscxzcxz_1466780152');

DROP TABLE IF EXISTS `image_tags`;
CREATE TABLE `image_tags` (
  `id` int(10) unsigned NOT NULL AUTO_INCREMENT,
  `image_id` int(10) NOT NULL,
  `tag_title` varchar(255) DEFAULT NULL,
  PRIMARY KEY (`id`)
) ENGINE=InnoDB DEFAULT CHARSET=utf8;

INSERT INTO `image_tags` (`id`, `image_id`, `tag_title`) VALUES
(1,	1,	'nature'),
(2,	2,	' srh '),
(3,	3,	'');

DROP TABLE IF EXISTS `linkpreview`;
CREATE TABLE `linkpreview` (
  `id` int(11) NOT NULL AUTO_INCREMENT,
  `text` text NOT NULL,
  `image` text NOT NULL,
  `title` text NOT NULL,
  `canonicalUrl` varchar(300) NOT NULL,
  `url` varchar(500) NOT NULL,
  `description` text NOT NULL,
  `iframe` text NOT NULL,
  PRIMARY KEY (`id`)
) ENGINE=InnoDB DEFAULT CHARSET=utf8;


DROP TABLE IF EXISTS `migrations`;
CREATE TABLE `migrations` (
  `migration` varchar(255) COLLATE utf8_unicode_ci NOT NULL,
  `batch` int(11) NOT NULL
) ENGINE=InnoDB DEFAULT CHARSET=utf8 COLLATE=utf8_unicode_ci;

INSERT INTO `migrations` (`migration`, `batch`) VALUES
('2014_10_12_000000_create_users_table',	1),
('2014_10_12_100000_create_password_resets_table',	1),
('2015_09_09_004605_create_settings_table',	1),
('2015_09_15_105839_create_posts_table',	1),
('2015_09_15_172559_create_categories_table',	1),
('2015_09_22_133125_create_pool_votes_table',	1),
('2015_09_25_110638_create_entrys_table',	1),
('2015_09_29_073303_create_popularity_stats_table',	1),
('2015_10_06_171448_create_pages_table',	1),
('2015_10_06_195254_create_widget_table',	1),
('2015_11_01_075837_create_reaction_votes_table',	1),
('2015_11_01_183249_create_posts_table_pagination',	1),
('2015_11_05_073240_create_users_table_banner',	1),
('2015_11_24_162414_create_followers_table',	1);

DROP TABLE IF EXISTS `pages`;
CREATE TABLE `pages` (
  `id` int(10) unsigned NOT NULL AUTO_INCREMENT,
  `title` varchar(255) COLLATE utf8_unicode_ci NOT NULL,
  `slug` varchar(255) COLLATE utf8_unicode_ci NOT NULL,
  `description` varchar(255) COLLATE utf8_unicode_ci NOT NULL,
  `text` text COLLATE utf8_unicode_ci NOT NULL,
  `footer` tinyint(1) NOT NULL,
  `created_at` timestamp NOT NULL DEFAULT '0000-00-00 00:00:00',
  `updated_at` timestamp NOT NULL DEFAULT '0000-00-00 00:00:00',
  PRIMARY KEY (`id`)
) ENGINE=InnoDB DEFAULT CHARSET=utf8 COLLATE=utf8_unicode_ci;


DROP TABLE IF EXISTS `password_resets`;
CREATE TABLE `password_resets` (
  `email` varchar(255) COLLATE utf8_unicode_ci NOT NULL,
  `token` varchar(255) COLLATE utf8_unicode_ci NOT NULL,
  `created_at` timestamp NOT NULL DEFAULT '0000-00-00 00:00:00',
  KEY `password_resets_email_index` (`email`),
  KEY `password_resets_token_index` (`token`)
) ENGINE=InnoDB DEFAULT CHARSET=utf8 COLLATE=utf8_unicode_ci;


DROP TABLE IF EXISTS `poll_votes`;
CREATE TABLE `poll_votes` (
  `id` int(10) unsigned NOT NULL AUTO_INCREMENT,
  `post_id` int(11) NOT NULL,
  `user_id` int(11) NOT NULL,
  `option_id` int(11) NOT NULL,
  `created_at` timestamp NOT NULL DEFAULT '0000-00-00 00:00:00',
  `updated_at` timestamp NOT NULL DEFAULT '0000-00-00 00:00:00',
  PRIMARY KEY (`id`)
) ENGINE=InnoDB DEFAULT CHARSET=utf8 COLLATE=utf8_unicode_ci;

INSERT INTO `poll_votes` (`id`, `post_id`, `user_id`, `option_id`, `created_at`, `updated_at`) VALUES
(1,	2,	1,	2,	'2016-05-12 01:07:13',	'2016-05-12 01:07:13'),
(2,	5,	1,	10,	'2016-05-13 08:47:54',	'2016-05-13 08:47:54'),
(3,	3,	1,	5,	'2016-05-16 05:36:57',	'2016-05-16 05:36:57'),
(4,	58,	7,	98,	'2016-06-10 11:17:20',	'2016-06-10 11:17:20'),
(5,	64,	13,	110,	'2016-06-14 11:55:51',	'2016-06-14 11:55:51'),
(6,	62,	14,	108,	'2016-06-14 12:25:10',	'2016-06-14 12:25:10'),
(7,	62,	13,	108,	'2016-06-14 12:39:46',	'2016-06-14 12:39:46'),
(8,	58,	14,	98,	'2016-06-15 03:52:52',	'2016-06-15 03:52:52'),
(9,	62,	7,	108,	'2016-06-15 06:25:00',	'2016-06-15 06:25:00'),
(10,	62,	35,	108,	'2016-06-20 06:50:45',	'2016-06-20 06:50:45'),
(11,	76,	8,	123,	'2016-06-22 12:34:50',	'2016-06-22 12:34:50'),
(12,	77,	40,	125,	'2016-06-23 04:07:55',	'2016-06-23 04:07:55'),
(13,	71,	40,	117,	'2016-06-23 04:15:19',	'2016-06-23 04:15:19'),
(14,	65,	40,	113,	'2016-06-23 04:15:35',	'2016-06-23 04:15:35'),
(15,	78,	8,	127,	'2016-06-23 04:31:15',	'2016-06-23 04:31:15'),
(16,	66,	8,	114,	'2016-06-23 04:32:22',	'2016-06-23 04:32:22'),
(17,	71,	8,	117,	'2016-06-23 04:32:30',	'2016-06-23 04:32:30'),
(18,	75,	14,	121,	'2016-06-23 05:44:23',	'2016-06-23 05:44:23'),
(19,	62,	39,	108,	'2016-06-23 11:24:50',	'2016-06-23 11:24:50'),
(20,	82,	14,	138,	'2016-06-23 12:00:20',	'2016-06-23 12:00:20'),
(21,	83,	42,	141,	'2016-06-23 12:02:38',	'2016-06-23 12:02:38'),
(22,	78,	39,	127,	'2016-06-23 13:43:34',	'2016-06-23 13:43:34'),
(23,	76,	39,	122,	'2016-06-23 13:44:13',	'2016-06-23 13:44:13'),
(24,	66,	39,	114,	'2016-06-23 13:44:33',	'2016-06-23 13:44:33'),
(25,	62,	44,	108,	'2016-06-24 07:16:41',	'2016-06-24 07:16:41'),
(26,	72,	44,	118,	'2016-06-24 07:18:30',	'2016-06-24 07:18:30'),
(27,	66,	44,	114,	'2016-06-24 07:26:55',	'2016-06-24 07:26:55'),
(28,	74,	44,	120,	'2016-06-24 07:37:57',	'2016-06-24 07:37:57'),
(29,	64,	44,	111,	'2016-06-24 07:38:45',	'2016-06-24 07:38:45'),
(30,	75,	44,	121,	'2016-06-24 11:03:36',	'2016-06-24 11:03:36'),
(31,	81,	44,	135,	'2016-06-24 11:03:48',	'2016-06-24 11:03:48'),
(32,	82,	44,	137,	'2016-06-24 11:11:25',	'2016-06-24 11:11:25'),
(33,	71,	44,	117,	'2016-06-24 11:11:56',	'2016-06-24 11:11:56'),
(34,	73,	44,	119,	'2016-06-24 11:12:07',	'2016-06-24 11:12:07');

DROP TABLE IF EXISTS `popularity_stats`;
CREATE TABLE `popularity_stats` (
  `id` bigint(20) unsigned NOT NULL AUTO_INCREMENT,
  `trackable_id` bigint(20) unsigned NOT NULL,
  `trackable_type` varchar(255) COLLATE utf8_unicode_ci NOT NULL,
  `one_day_stats` int(11) NOT NULL DEFAULT '0',
  `seven_days_stats` int(11) NOT NULL DEFAULT '0',
  `thirty_days_stats` int(11) NOT NULL DEFAULT '0',
  `all_time_stats` int(11) NOT NULL DEFAULT '0',
  `raw_stats` varchar(1000) COLLATE utf8_unicode_ci NOT NULL DEFAULT '',
  `created_at` timestamp NOT NULL DEFAULT '0000-00-00 00:00:00',
  `updated_at` timestamp NOT NULL DEFAULT '0000-00-00 00:00:00',
  PRIMARY KEY (`id`)
) ENGINE=InnoDB DEFAULT CHARSET=utf8 COLLATE=utf8_unicode_ci;

INSERT INTO `popularity_stats` (`id`, `trackable_id`, `trackable_type`, `one_day_stats`, `seven_days_stats`, `thirty_days_stats`, `all_time_stats`, `raw_stats`, `created_at`, `updated_at`) VALUES
(1,	1,	'App\\Posts',	3,	20,	23,	28,	'a:7:{s:10:\"2016-05-06\";i:5;s:10:\"2016-05-12\";i:1;s:10:\"2016-05-17\";i:2;s:10:\"2016-06-03\";i:2;s:10:\"2016-06-04\";i:6;s:10:\"2016-06-05\";i:9;s:10:\"2016-06-06\";i:3;}',	'2016-05-06 01:57:55',	'2016-06-06 09:37:33'),
(2,	2,	'App\\Posts',	1,	19,	24,	24,	'a:7:{s:10:\"2016-05-12\";i:4;s:10:\"2016-05-13\";i:1;s:10:\"2016-06-03\";i:2;s:10:\"2016-06-04\";i:4;s:10:\"2016-06-05\";i:5;s:10:\"2016-06-06\";i:7;s:10:\"2016-06-07\";i:1;}',	'2016-05-12 01:07:06',	'2016-06-07 02:06:16'),
(3,	3,	'App\\Posts',	1,	19,	28,	28,	'a:8:{s:10:\"2016-05-12\";i:2;s:10:\"2016-05-16\";i:6;s:10:\"2016-05-17\";i:1;s:10:\"2016-06-03\";i:2;s:10:\"2016-06-04\";i:4;s:10:\"2016-06-05\";i:6;s:10:\"2016-06-06\";i:6;s:10:\"2016-06-07\";i:1;}',	'2016-05-12 01:31:39',	'2016-06-07 03:22:03'),
(4,	4,	'App\\Posts',	2,	15,	17,	17,	'a:5:{s:10:\"2016-05-12\";i:2;s:10:\"2016-06-03\";i:2;s:10:\"2016-06-04\";i:7;s:10:\"2016-06-05\";i:4;s:10:\"2016-06-06\";i:2;}',	'2016-05-12 03:20:20',	'2016-06-06 09:37:22'),
(5,	5,	'App\\Posts',	6,	18,	21,	21,	'a:6:{s:10:\"2016-05-12\";i:2;s:10:\"2016-05-13\";i:1;s:10:\"2016-06-03\";i:2;s:10:\"2016-06-04\";i:6;s:10:\"2016-06-05\";i:4;s:10:\"2016-06-06\";i:6;}',	'2016-05-12 05:31:08',	'2016-06-06 09:37:57'),
(6,	13,	'App\\Posts',	1,	8,	13,	13,	'a:7:{s:10:\"2016-05-12\";i:1;s:10:\"2016-05-13\";i:3;s:10:\"2016-05-17\";i:1;s:10:\"2016-06-03\";i:1;s:10:\"2016-06-04\";i:1;s:10:\"2016-06-05\";i:5;s:10:\"2016-06-08\";i:1;}',	'2016-05-12 05:40:04',	'2016-06-07 23:34:35'),
(7,	24,	'App\\Posts',	1,	9,	10,	10,	'a:6:{s:10:\"2016-05-12\";i:1;s:10:\"2016-06-03\";i:1;s:10:\"2016-06-04\";i:3;s:10:\"2016-06-05\";i:1;s:10:\"2016-06-06\";i:3;s:10:\"2016-06-07\";i:1;}',	'2016-05-12 08:02:48',	'2016-06-07 18:31:27'),
(8,	25,	'App\\Posts',	1,	6,	9,	9,	'a:6:{s:10:\"2016-05-12\";i:1;s:10:\"2016-05-13\";i:1;s:10:\"2016-05-16\";i:1;s:10:\"2016-06-04\";i:1;s:10:\"2016-06-05\";i:4;s:10:\"2016-06-07\";i:1;}',	'2016-05-12 08:03:49',	'2016-06-07 14:44:06'),
(9,	26,	'App\\Posts',	1,	10,	12,	12,	'a:7:{s:10:\"2016-05-12\";i:1;s:10:\"2016-05-13\";i:1;s:10:\"2016-06-03\";i:1;s:10:\"2016-06-04\";i:3;s:10:\"2016-06-05\";i:1;s:10:\"2016-06-06\";i:4;s:10:\"2016-06-08\";i:1;}',	'2016-05-12 08:14:45',	'2016-06-08 11:42:33'),
(10,	27,	'App\\Posts',	1,	7,	13,	13,	'a:8:{s:10:\"2016-05-12\";i:2;s:10:\"2016-05-13\";i:3;s:10:\"2016-05-16\";i:1;s:10:\"2016-06-03\";i:2;s:10:\"2016-06-04\";i:1;s:10:\"2016-06-05\";i:1;s:10:\"2016-06-06\";i:2;s:10:\"2016-06-07\";i:1;}',	'2016-05-12 08:18:02',	'2016-06-06 22:18:55'),
(11,	34,	'App\\Posts',	4,	17,	18,	18,	'a:5:{s:10:\"2016-05-12\";i:1;s:10:\"2016-06-03\";i:1;s:10:\"2016-06-04\";i:4;s:10:\"2016-06-05\";i:8;s:10:\"2016-06-06\";i:4;}',	'2016-05-12 08:36:54',	'2016-06-06 17:41:28'),
(12,	6,	'App\\Posts',	3,	20,	23,	23,	'a:7:{s:10:\"2016-05-12\";i:1;s:10:\"2016-05-13\";i:1;s:10:\"2016-05-16\";i:1;s:10:\"2016-06-03\";i:2;s:10:\"2016-06-04\";i:6;s:10:\"2016-06-05\";i:9;s:10:\"2016-06-06\";i:3;}',	'2016-05-12 08:52:03',	'2016-06-06 09:37:22'),
(13,	7,	'App\\Posts',	3,	20,	21,	21,	'a:5:{s:10:\"2016-05-12\";i:1;s:10:\"2016-06-03\";i:2;s:10:\"2016-06-04\";i:6;s:10:\"2016-06-05\";i:9;s:10:\"2016-06-06\";i:3;}',	'2016-05-12 08:54:26',	'2016-06-06 09:37:44'),
(14,	8,	'App\\Posts',	4,	18,	19,	19,	'a:5:{s:10:\"2016-05-12\";i:1;s:10:\"2016-06-03\";i:2;s:10:\"2016-06-04\";i:5;s:10:\"2016-06-05\";i:7;s:10:\"2016-06-06\";i:4;}',	'2016-05-12 08:55:11',	'2016-06-06 09:35:58'),
(15,	9,	'App\\Posts',	1,	8,	9,	9,	'a:5:{s:10:\"2016-05-13\";i:1;s:10:\"2016-06-03\";i:1;s:10:\"2016-06-04\";i:1;s:10:\"2016-06-05\";i:5;s:10:\"2016-06-07\";i:1;}',	'2016-05-13 00:00:01',	'2016-06-07 19:47:14'),
(16,	12,	'App\\Posts',	4,	7,	9,	9,	'a:6:{s:10:\"2016-05-13\";i:1;s:10:\"2016-05-17\";i:1;s:10:\"2016-06-03\";i:1;s:10:\"2016-06-04\";i:1;s:10:\"2016-06-05\";i:1;s:10:\"2016-06-06\";i:4;}',	'2016-05-13 00:06:00',	'2016-06-06 15:09:54'),
(17,	19,	'App\\Posts',	1,	5,	7,	7,	'a:5:{s:10:\"2016-05-13\";i:1;s:10:\"2016-05-16\";i:1;s:10:\"2016-06-03\";i:1;s:10:\"2016-06-04\";i:3;s:10:\"2016-06-08\";i:1;}',	'2016-05-13 04:40:09',	'2016-06-08 11:43:50'),
(18,	20,	'App\\Posts',	1,	8,	9,	9,	'a:6:{s:10:\"2016-05-13\";i:1;s:10:\"2016-06-03\";i:1;s:10:\"2016-06-04\";i:3;s:10:\"2016-06-05\";i:1;s:10:\"2016-06-06\";i:2;s:10:\"2016-06-08\";i:1;}',	'2016-05-13 04:42:32',	'2016-06-08 11:45:56'),
(19,	22,	'App\\Posts',	1,	7,	8,	8,	'a:6:{s:10:\"2016-05-13\";i:1;s:10:\"2016-06-03\";i:1;s:10:\"2016-06-04\";i:1;s:10:\"2016-06-05\";i:1;s:10:\"2016-06-06\";i:3;s:10:\"2016-06-08\";i:1;}',	'2016-05-13 04:49:48',	'2016-06-08 11:41:19'),
(20,	23,	'App\\Posts',	1,	9,	10,	10,	'a:6:{s:10:\"2016-05-13\";i:1;s:10:\"2016-06-03\";i:1;s:10:\"2016-06-04\";i:3;s:10:\"2016-06-05\";i:1;s:10:\"2016-06-06\";i:3;s:10:\"2016-06-07\";i:1;}',	'2016-05-13 04:59:37',	'2016-06-07 17:15:40'),
(21,	28,	'App\\Posts',	4,	8,	9,	9,	'a:5:{s:10:\"2016-05-13\";i:1;s:10:\"2016-06-03\";i:2;s:10:\"2016-06-04\";i:1;s:10:\"2016-06-05\";i:1;s:10:\"2016-06-06\";i:4;}',	'2016-05-13 05:22:34',	'2016-06-06 18:57:15'),
(22,	29,	'App\\Posts',	1,	15,	19,	19,	'a:8:{s:10:\"2016-05-13\";i:1;s:10:\"2016-05-16\";i:3;s:10:\"2016-06-02\";i:1;s:10:\"2016-06-03\";i:1;s:10:\"2016-06-04\";i:3;s:10:\"2016-06-05\";i:6;s:10:\"2016-06-06\";i:3;s:10:\"2016-06-07\";i:1;}',	'2016-05-13 05:25:04',	'2016-06-07 04:37:50'),
(23,	40,	'App\\Posts',	1,	17,	18,	18,	'a:6:{s:10:\"2016-05-16\";i:1;s:10:\"2016-06-03\";i:1;s:10:\"2016-06-04\";i:2;s:10:\"2016-06-05\";i:10;s:10:\"2016-06-06\";i:3;s:10:\"2016-06-07\";i:1;}',	'2016-05-16 08:03:56',	'2016-06-07 05:53:37'),
(24,	37,	'App\\Posts',	1,	12,	14,	14,	'a:6:{s:10:\"2016-05-17\";i:2;s:10:\"2016-06-03\";i:1;s:10:\"2016-06-04\";i:2;s:10:\"2016-06-05\";i:6;s:10:\"2016-06-06\";i:2;s:10:\"2016-06-07\";i:1;}',	'2016-05-17 01:17:28',	'2016-06-07 13:28:19'),
(25,	36,	'App\\Posts',	1,	12,	13,	13,	'a:6:{s:10:\"2016-05-17\";i:1;s:10:\"2016-06-03\";i:1;s:10:\"2016-06-04\";i:2;s:10:\"2016-06-05\";i:4;s:10:\"2016-06-06\";i:4;s:10:\"2016-06-07\";i:1;}',	'2016-05-17 03:51:14',	'2016-06-07 00:50:29'),
(26,	32,	'App\\Posts',	1,	12,	13,	13,	'a:6:{s:10:\"2016-05-17\";i:1;s:10:\"2016-06-03\";i:1;s:10:\"2016-06-04\";i:2;s:10:\"2016-06-05\";i:7;s:10:\"2016-06-06\";i:1;s:10:\"2016-06-08\";i:1;}',	'2016-05-17 03:51:25',	'2016-06-08 00:50:22'),
(27,	45,	'App\\Posts',	1,	13,	15,	15,	'a:6:{s:10:\"2016-05-17\";i:2;s:10:\"2016-06-03\";i:1;s:10:\"2016-06-04\";i:2;s:10:\"2016-06-05\";i:4;s:10:\"2016-06-06\";i:5;s:10:\"2016-06-07\";i:1;}',	'2016-05-17 04:33:46',	'2016-06-07 10:56:45'),
(28,	46,	'App\\Posts',	1,	13,	18,	18,	'a:7:{s:10:\"2016-05-17\";i:4;s:10:\"2016-06-02\";i:1;s:10:\"2016-06-03\";i:1;s:10:\"2016-06-04\";i:2;s:10:\"2016-06-05\";i:4;s:10:\"2016-06-06\";i:5;s:10:\"2016-06-09\";i:1;}',	'2016-05-17 04:38:14',	'2016-06-09 03:30:37'),
(29,	47,	'App\\Posts',	5,	12,	13,	13,	'a:5:{s:10:\"2016-05-17\";i:1;s:10:\"2016-06-03\";i:1;s:10:\"2016-06-04\";i:2;s:10:\"2016-06-05\";i:4;s:10:\"2016-06-06\";i:5;}',	'2016-05-17 07:40:07',	'2016-06-06 19:15:51'),
(30,	48,	'App\\Posts',	4,	24,	31,	31,	'a:8:{s:10:\"2016-05-17\";i:1;s:10:\"2016-06-02\";i:6;s:10:\"2016-06-03\";i:3;s:10:\"2016-06-04\";i:2;s:10:\"2016-06-05\";i:4;s:10:\"2016-06-06\";i:7;s:10:\"2016-06-07\";i:4;s:10:\"2016-06-09\";i:4;}',	'2016-05-17 07:55:19',	'2016-06-09 03:49:57'),
(31,	39,	'App\\Posts',	1,	15,	15,	15,	'a:5:{s:10:\"2016-06-03\";i:1;s:10:\"2016-06-04\";i:4;s:10:\"2016-06-05\";i:5;s:10:\"2016-06-06\";i:4;s:10:\"2016-06-07\";i:1;}',	'2016-06-03 20:19:20',	'2016-06-07 07:09:24'),
(32,	35,	'App\\Posts',	1,	14,	14,	14,	'a:5:{s:10:\"2016-06-03\";i:1;s:10:\"2016-06-04\";i:2;s:10:\"2016-06-05\";i:9;s:10:\"2016-06-06\";i:1;s:10:\"2016-06-07\";i:1;}',	'2016-06-03 20:19:41',	'2016-06-07 08:25:11'),
(33,	38,	'App\\Posts',	6,	14,	14,	14,	'a:4:{s:10:\"2016-06-03\";i:1;s:10:\"2016-06-04\";i:2;s:10:\"2016-06-05\";i:5;s:10:\"2016-06-06\";i:6;}',	'2016-06-03 20:19:51',	'2016-06-06 19:18:12'),
(34,	43,	'App\\Posts',	4,	16,	16,	16,	'a:4:{s:10:\"2016-06-03\";i:1;s:10:\"2016-06-04\";i:4;s:10:\"2016-06-05\";i:7;s:10:\"2016-06-06\";i:4;}',	'2016-06-03 20:20:12',	'2016-06-06 19:16:46'),
(35,	44,	'App\\Posts',	4,	13,	13,	13,	'a:4:{s:10:\"2016-06-03\";i:1;s:10:\"2016-06-04\";i:2;s:10:\"2016-06-05\";i:6;s:10:\"2016-06-06\";i:4;}',	'2016-06-03 20:20:32',	'2016-06-06 19:47:22'),
(36,	41,	'App\\Posts',	1,	16,	16,	16,	'a:5:{s:10:\"2016-06-03\";i:1;s:10:\"2016-06-04\";i:2;s:10:\"2016-06-05\";i:6;s:10:\"2016-06-06\";i:6;s:10:\"2016-06-07\";i:1;}',	'2016-06-03 20:21:04',	'2016-06-06 23:34:42'),
(37,	42,	'App\\Posts',	1,	14,	14,	14,	'a:5:{s:10:\"2016-06-03\";i:1;s:10:\"2016-06-04\";i:2;s:10:\"2016-06-05\";i:9;s:10:\"2016-06-06\";i:1;s:10:\"2016-06-07\";i:1;}',	'2016-06-03 20:21:35',	'2016-06-07 12:12:32'),
(38,	16,	'App\\Posts',	3,	6,	6,	6,	'a:4:{s:10:\"2016-06-03\";i:1;s:10:\"2016-06-04\";i:1;s:10:\"2016-06-05\";i:1;s:10:\"2016-06-06\";i:3;}',	'2016-06-03 20:26:38',	'2016-06-06 19:17:38'),
(39,	21,	'App\\Posts',	1,	8,	8,	8,	'a:4:{s:10:\"2016-06-03\";i:1;s:10:\"2016-06-04\";i:1;s:10:\"2016-06-05\";i:5;s:10:\"2016-06-07\";i:1;}',	'2016-06-03 20:26:58',	'2016-06-07 15:59:53'),
(40,	18,	'App\\Posts',	1,	7,	7,	7,	'a:5:{s:10:\"2016-06-03\";i:1;s:10:\"2016-06-04\";i:1;s:10:\"2016-06-05\";i:1;s:10:\"2016-06-06\";i:3;s:10:\"2016-06-08\";i:1;}',	'2016-06-03 20:27:19',	'2016-06-07 21:03:01'),
(41,	11,	'App\\Posts',	1,	9,	9,	9,	'a:5:{s:10:\"2016-06-03\";i:1;s:10:\"2016-06-04\";i:3;s:10:\"2016-06-05\";i:1;s:10:\"2016-06-06\";i:3;s:10:\"2016-06-08\";i:1;}',	'2016-06-03 20:27:30',	'2016-06-07 22:18:48'),
(42,	17,	'App\\Posts',	1,	7,	7,	7,	'a:5:{s:10:\"2016-06-03\";i:1;s:10:\"2016-06-04\";i:1;s:10:\"2016-06-05\";i:3;s:10:\"2016-06-06\";i:1;s:10:\"2016-06-08\";i:1;}',	'2016-06-03 20:27:50',	'2016-06-08 11:41:54'),
(43,	10,	'App\\Posts',	1,	4,	4,	4,	'a:4:{s:10:\"2016-06-03\";i:1;s:10:\"2016-06-04\";i:1;s:10:\"2016-06-07\";i:1;s:10:\"2016-06-08\";i:1;}',	'2016-06-03 20:28:01',	'2016-06-08 11:43:11'),
(44,	14,	'App\\Posts',	1,	7,	7,	7,	'a:5:{s:10:\"2016-06-03\";i:1;s:10:\"2016-06-04\";i:1;s:10:\"2016-06-05\";i:1;s:10:\"2016-06-06\";i:3;s:10:\"2016-06-08\";i:1;}',	'2016-06-03 20:28:22',	'2016-06-08 11:44:29'),
(45,	15,	'App\\Posts',	1,	7,	7,	7,	'a:5:{s:10:\"2016-06-03\";i:1;s:10:\"2016-06-04\";i:1;s:10:\"2016-06-05\";i:1;s:10:\"2016-06-06\";i:3;s:10:\"2016-06-08\";i:1;}',	'2016-06-03 20:28:32',	'2016-06-08 11:45:10'),
(46,	30,	'App\\Posts',	5,	12,	12,	12,	'a:4:{s:10:\"2016-06-03\";i:1;s:10:\"2016-06-04\";i:2;s:10:\"2016-06-05\";i:4;s:10:\"2016-06-06\";i:5;}',	'2016-06-03 20:30:09',	'2016-06-06 13:54:07'),
(47,	33,	'App\\Posts',	4,	10,	10,	10,	'a:4:{s:10:\"2016-06-03\";i:1;s:10:\"2016-06-04\";i:2;s:10:\"2016-06-05\";i:3;s:10:\"2016-06-06\";i:4;}',	'2016-06-03 20:30:21',	'2016-06-06 12:38:20'),
(48,	31,	'App\\Posts',	4,	13,	13,	13,	'a:4:{s:10:\"2016-06-03\";i:1;s:10:\"2016-06-04\";i:2;s:10:\"2016-06-05\";i:6;s:10:\"2016-06-06\";i:4;}',	'2016-06-03 20:30:34',	'2016-06-06 16:25:41'),
(49,	49,	'App\\Posts',	5,	25,	70,	70,	'a:13:{s:10:\"2016-06-06\";i:1;s:10:\"2016-06-08\";i:1;s:10:\"2016-06-09\";i:13;s:10:\"2016-06-10\";i:11;s:10:\"2016-06-12\";i:1;s:10:\"2016-06-13\";i:2;s:10:\"2016-06-14\";i:3;s:10:\"2016-06-15\";i:13;s:10:\"2016-06-18\";i:1;s:10:\"2016-06-19\";i:1;s:10:\"2016-06-21\";i:2;s:10:\"2016-06-23\";i:16;s:10:\"2016-06-24\";i:5;}',	'2016-06-06 12:13:43',	'2016-06-24 11:12:13'),
(50,	50,	'App\\Posts',	9,	46,	46,	46,	'a:4:{s:10:\"2016-06-07\";i:1;s:10:\"2016-06-08\";i:8;s:10:\"2016-06-09\";i:28;s:10:\"2016-06-10\";i:9;}',	'2016-06-07 12:03:05',	'2016-06-10 04:43:27'),
(51,	51,	'App\\Posts',	2,	4,	15,	15,	'a:7:{s:10:\"2016-06-09\";i:5;s:10:\"2016-06-13\";i:1;s:10:\"2016-06-15\";i:4;s:10:\"2016-06-17\";i:1;s:10:\"2016-06-18\";i:1;s:10:\"2016-06-19\";i:1;s:10:\"2016-06-24\";i:2;}',	'2016-06-09 03:56:44',	'2016-06-24 03:57:22'),
(52,	52,	'App\\Posts',	3,	6,	90,	90,	'a:10:{s:10:\"2016-06-09\";i:53;s:10:\"2016-06-10\";i:11;s:10:\"2016-06-12\";i:5;s:10:\"2016-06-13\";i:9;s:10:\"2016-06-14\";i:2;s:10:\"2016-06-15\";i:4;s:10:\"2016-06-18\";i:1;s:10:\"2016-06-19\";i:1;s:10:\"2016-06-23\";i:1;s:10:\"2016-06-24\";i:3;}',	'2016-06-09 04:03:53',	'2016-06-24 11:04:08'),
(53,	53,	'App\\Posts',	2,	3,	11,	11,	'a:7:{s:10:\"2016-06-09\";i:2;s:10:\"2016-06-13\";i:1;s:10:\"2016-06-15\";i:3;s:10:\"2016-06-16\";i:1;s:10:\"2016-06-17\";i:1;s:10:\"2016-06-19\";i:1;s:10:\"2016-06-24\";i:2;}',	'2016-06-09 04:05:23',	'2016-06-24 11:12:20'),
(54,	54,	'App\\Posts',	2,	2,	2,	2,	'a:1:{s:10:\"2016-06-09\";i:2;}',	'2016-06-09 09:28:04',	'2016-06-09 09:43:48'),
(55,	55,	'App\\Posts',	2,	6,	9,	9,	'a:5:{s:10:\"2016-06-09\";i:1;s:10:\"2016-06-13\";i:2;s:10:\"2016-06-15\";i:3;s:10:\"2016-06-19\";i:1;s:10:\"2016-06-21\";i:2;}',	'2016-06-09 17:48:54',	'2016-06-21 13:05:18'),
(56,	56,	'App\\Posts',	1,	1,	1,	1,	'a:1:{s:10:\"2016-06-09\";i:1;}',	'2016-06-09 17:54:54',	'2016-06-09 17:54:54'),
(57,	57,	'App\\Posts',	1,	1,	1,	1,	'a:1:{s:10:\"2016-06-09\";i:1;}',	'2016-06-09 18:06:38',	'2016-06-09 18:06:38'),
(58,	58,	'App\\Posts',	3,	7,	34,	34,	'a:7:{s:10:\"2016-06-10\";i:18;s:10:\"2016-06-13\";i:4;s:10:\"2016-06-15\";i:5;s:10:\"2016-06-19\";i:1;s:10:\"2016-06-21\";i:1;s:10:\"2016-06-23\";i:2;s:10:\"2016-06-24\";i:3;}',	'2016-06-10 04:10:03',	'2016-06-24 03:57:19'),
(59,	59,	'App\\Posts',	3,	7,	37,	37,	'a:11:{s:10:\"2016-06-10\";i:13;s:10:\"2016-06-11\";i:1;s:10:\"2016-06-13\";i:2;s:10:\"2016-06-14\";i:4;s:10:\"2016-06-15\";i:6;s:10:\"2016-06-16\";i:2;s:10:\"2016-06-17\";i:2;s:10:\"2016-06-19\";i:1;s:10:\"2016-06-21\";i:1;s:10:\"2016-06-23\";i:2;s:10:\"2016-06-24\";i:3;}',	'2016-06-10 04:14:40',	'2016-06-24 07:38:29'),
(60,	60,	'App\\Posts',	7,	64,	225,	225,	'a:13:{s:10:\"2016-06-10\";i:34;s:10:\"2016-06-12\";i:38;s:10:\"2016-06-13\";i:2;s:10:\"2016-06-14\";i:18;s:10:\"2016-06-15\";i:18;s:10:\"2016-06-16\";i:23;s:10:\"2016-06-17\";i:28;s:10:\"2016-06-19\";i:6;s:10:\"2016-06-20\";i:4;s:10:\"2016-06-21\";i:39;s:10:\"2016-06-22\";i:2;s:10:\"2016-06-23\";i:6;s:10:\"2016-06-24\";i:7;}',	'2016-06-10 04:17:06',	'2016-06-24 07:17:45'),
(61,	61,	'App\\Posts',	22,	100,	101,	101,	'a:5:{s:10:\"2016-06-11\";i:1;s:10:\"2016-06-21\";i:22;s:10:\"2016-06-22\";i:6;s:10:\"2016-06-23\";i:50;s:10:\"2016-06-24\";i:22;}',	'2016-06-11 11:08:46',	'2016-06-24 11:06:23'),
(62,	62,	'App\\Posts',	12,	60,	231,	231,	'a:12:{s:10:\"2016-06-12\";i:1;s:10:\"2016-06-13\";i:2;s:10:\"2016-06-14\";i:42;s:10:\"2016-06-15\";i:72;s:10:\"2016-06-16\";i:7;s:10:\"2016-06-17\";i:47;s:10:\"2016-06-19\";i:2;s:10:\"2016-06-20\";i:2;s:10:\"2016-06-21\";i:15;s:10:\"2016-06-22\";i:6;s:10:\"2016-06-23\";i:23;s:10:\"2016-06-24\";i:12;}',	'2016-06-12 20:53:54',	'2016-06-24 11:49:50'),
(63,	63,	'App\\Posts',	3,	9,	23,	23,	'a:8:{s:10:\"2016-06-14\";i:1;s:10:\"2016-06-15\";i:4;s:10:\"2016-06-16\";i:3;s:10:\"2016-06-17\";i:6;s:10:\"2016-06-19\";i:3;s:10:\"2016-06-21\";i:2;s:10:\"2016-06-23\";i:1;s:10:\"2016-06-24\";i:3;}',	'2016-06-14 09:25:16',	'2016-06-24 04:00:12'),
(64,	64,	'App\\Posts',	11,	13,	15,	15,	'a:5:{s:10:\"2016-06-14\";i:1;s:10:\"2016-06-17\";i:1;s:10:\"2016-06-19\";i:1;s:10:\"2016-06-23\";i:1;s:10:\"2016-06-24\";i:11;}',	'2016-06-14 11:54:59',	'2016-06-24 07:42:55'),
(65,	65,	'App\\Posts',	3,	7,	11,	11,	'a:6:{s:10:\"2016-06-15\";i:1;s:10:\"2016-06-16\";i:1;s:10:\"2016-06-17\";i:2;s:10:\"2016-06-19\";i:1;s:10:\"2016-06-23\";i:3;s:10:\"2016-06-24\";i:3;}',	'2016-06-15 10:45:55',	'2016-06-24 03:57:21'),
(66,	66,	'App\\Posts',	1,	4,	5,	5,	'a:3:{s:10:\"2016-06-17\";i:1;s:10:\"2016-06-23\";i:3;s:10:\"2016-06-24\";i:1;}',	'2016-06-17 11:56:17',	'2016-06-24 07:26:51'),
(67,	68,	'App\\Posts',	1,	1,	1,	1,	'a:1:{s:10:\"2016-06-21\";i:1;}',	'2016-06-21 11:44:54',	'2016-06-21 11:44:54'),
(68,	70,	'App\\Posts',	1,	1,	1,	1,	'a:1:{s:10:\"2016-06-21\";i:1;}',	'2016-06-21 11:53:16',	'2016-06-21 11:53:16'),
(69,	71,	'App\\Posts',	2,	40,	40,	40,	'a:4:{s:10:\"2016-06-21\";i:1;s:10:\"2016-06-22\";i:33;s:10:\"2016-06-23\";i:4;s:10:\"2016-06-24\";i:2;}',	'2016-06-21 11:59:38',	'2016-06-24 11:49:56'),
(70,	72,	'App\\Posts',	5,	9,	9,	9,	'a:3:{s:10:\"2016-06-22\";i:1;s:10:\"2016-06-23\";i:3;s:10:\"2016-06-24\";i:5;}',	'2016-06-22 08:15:16',	'2016-06-24 07:24:47'),
(71,	73,	'App\\Posts',	1,	3,	3,	3,	'a:3:{s:10:\"2016-06-22\";i:1;s:10:\"2016-06-23\";i:1;s:10:\"2016-06-24\";i:1;}',	'2016-06-22 08:20:12',	'2016-06-24 11:12:03'),
(72,	74,	'App\\Posts',	2,	6,	6,	6,	'a:3:{s:10:\"2016-06-22\";i:2;s:10:\"2016-06-23\";i:2;s:10:\"2016-06-24\";i:2;}',	'2016-06-22 12:31:31',	'2016-06-24 07:37:54'),
(73,	75,	'App\\Posts',	1,	7,	7,	7,	'a:3:{s:10:\"2016-06-22\";i:1;s:10:\"2016-06-23\";i:5;s:10:\"2016-06-24\";i:1;}',	'2016-06-22 12:32:38',	'2016-06-24 11:03:32'),
(74,	76,	'App\\Posts',	7,	8,	8,	8,	'a:2:{s:10:\"2016-06-22\";i:1;s:10:\"2016-06-23\";i:7;}',	'2016-06-22 12:34:23',	'2016-06-23 13:44:09'),
(75,	77,	'App\\Posts',	2,	4,	4,	4,	'a:2:{s:10:\"2016-06-22\";i:2;s:10:\"2016-06-23\";i:2;}',	'2016-06-22 13:10:47',	'2016-06-23 04:07:45'),
(76,	78,	'App\\Posts',	3,	3,	3,	3,	'a:1:{s:10:\"2016-06-23\";i:3;}',	'2016-06-23 04:26:48',	'2016-06-23 13:43:42'),
(77,	80,	'App\\Posts',	1,	1,	1,	1,	'a:1:{s:10:\"2016-06-23\";i:1;}',	'2016-06-23 11:56:35',	'2016-06-23 11:56:35'),
(78,	81,	'App\\Posts',	1,	2,	2,	2,	'a:2:{s:10:\"2016-06-23\";i:1;s:10:\"2016-06-24\";i:1;}',	'2016-06-23 11:57:05',	'2016-06-24 11:03:43'),
(79,	82,	'App\\Posts',	3,	4,	4,	4,	'a:2:{s:10:\"2016-06-23\";i:1;s:10:\"2016-06-24\";i:3;}',	'2016-06-23 12:00:05',	'2016-06-24 11:16:16'),
(80,	83,	'App\\Posts',	1,	1,	1,	1,	'a:1:{s:10:\"2016-06-23\";i:1;}',	'2016-06-23 12:02:04',	'2016-06-23 12:02:04'),
(81,	85,	'App\\Posts',	1,	1,	1,	1,	'a:1:{s:10:\"2016-06-23\";i:1;}',	'2016-06-23 12:07:49',	'2016-06-23 12:07:49'),
(82,	86,	'App\\Posts',	7,	7,	7,	7,	'a:1:{s:10:\"2016-06-24\";i:7;}',	'2016-06-24 04:59:10',	'2016-06-24 11:15:58'),
(83,	87,	'App\\Posts',	1,	1,	1,	1,	'a:1:{s:10:\"2016-06-24\";i:1;}',	'2016-06-24 05:45:11',	'2016-06-24 05:45:11'),
(84,	88,	'App\\Posts',	8,	8,	8,	8,	'a:1:{s:10:\"2016-06-24\";i:8;}',	'2016-06-24 05:46:06',	'2016-06-24 10:51:50'),
(85,	89,	'App\\Posts',	2,	2,	2,	2,	'a:1:{s:10:\"2016-06-24\";i:2;}',	'2016-06-24 05:47:36',	'2016-06-24 05:51:56'),
(86,	90,	'App\\Posts',	5,	5,	5,	5,	'a:1:{s:10:\"2016-06-24\";i:5;}',	'2016-06-24 05:48:22',	'2016-06-24 07:26:12'),
(87,	91,	'App\\Posts',	1,	1,	1,	1,	'a:1:{s:10:\"2016-06-24\";i:1;}',	'2016-06-24 10:52:59',	'2016-06-24 10:52:59'),
(88,	92,	'App\\Posts',	4,	4,	4,	4,	'a:1:{s:10:\"2016-06-24\";i:4;}',	'2016-06-24 11:04:50',	'2016-06-24 11:11:13'),
(89,	93,	'App\\Posts',	8,	8,	8,	8,	'a:1:{s:10:\"2016-06-24\";i:8;}',	'2016-06-24 11:16:56',	'2016-06-24 11:23:25'),
(90,	94,	'App\\Posts',	2,	2,	2,	2,	'a:1:{s:10:\"2016-06-24\";i:2;}',	'2016-06-24 11:24:02',	'2016-06-24 11:24:13'),
(91,	95,	'App\\Posts',	9,	9,	9,	9,	'a:1:{s:10:\"2016-06-24\";i:9;}',	'2016-06-24 11:27:23',	'2016-06-24 11:37:35'),
(92,	96,	'App\\Posts',	2,	2,	2,	2,	'a:1:{s:10:\"2016-06-24\";i:2;}',	'2016-06-24 11:39:10',	'2016-06-24 11:39:56'),
(93,	97,	'App\\Posts',	6,	6,	6,	6,	'a:1:{s:10:\"2016-06-24\";i:6;}',	'2016-06-24 11:41:47',	'2016-06-24 11:50:01'),
(94,	98,	'App\\Posts',	3,	3,	3,	3,	'a:1:{s:10:\"2016-06-24\";i:3;}',	'2016-06-24 11:47:31',	'2016-06-24 11:48:41'),
(95,	99,	'App\\Posts',	2,	2,	2,	2,	'a:1:{s:10:\"2016-06-24\";i:2;}',	'2016-06-24 11:49:11',	'2016-06-24 11:49:37'),
(96,	100,	'App\\Posts',	1,	1,	1,	1,	'a:1:{s:10:\"2016-06-24\";i:1;}',	'2016-06-24 11:54:37',	'2016-06-24 11:54:37'),
(97,	101,	'App\\Posts',	2,	2,	2,	2,	'a:1:{s:10:\"2016-06-24\";i:2;}',	'2016-06-24 11:55:54',	'2016-06-24 11:56:21');

DROP TABLE IF EXISTS `posts`;
CREATE TABLE `posts` (
  `id` int(10) unsigned NOT NULL AUTO_INCREMENT,
  `user_id` int(10) unsigned NOT NULL,
  `category_id` int(10) unsigned NOT NULL,
  `type` varchar(25) COLLATE utf8_unicode_ci NOT NULL,
  `ordertype` varchar(25) COLLATE utf8_unicode_ci DEFAULT NULL,
  `slug` varchar(225) COLLATE utf8_unicode_ci NOT NULL,
  `title` varchar(225) COLLATE utf8_unicode_ci DEFAULT NULL,
  `body` varchar(1000) COLLATE utf8_unicode_ci DEFAULT NULL,
  `thumb` varchar(255) COLLATE utf8_unicode_ci DEFAULT NULL,
  `approve` varchar(5) COLLATE utf8_unicode_ci DEFAULT NULL,
  `show_in_homepage` varchar(5) COLLATE utf8_unicode_ci DEFAULT NULL,
  `created_at` timestamp NOT NULL DEFAULT '0000-00-00 00:00:00',
  `updated_at` timestamp NOT NULL DEFAULT '0000-00-00 00:00:00',
  `featured_at` timestamp NULL DEFAULT NULL,
  `published_at` timestamp NOT NULL DEFAULT '0000-00-00 00:00:00',
  `deleted_at` timestamp NULL DEFAULT NULL,
  `pagination` int(11) DEFAULT NULL,
  `order` int(10) unsigned DEFAULT NULL,
  `editor_pick` tinyint(1) DEFAULT '0',
  `domain_id` int(10) DEFAULT NULL,
  `post_url` varchar(255) COLLATE utf8_unicode_ci DEFAULT NULL,
  PRIMARY KEY (`id`)
) ENGINE=InnoDB DEFAULT CHARSET=utf8 COLLATE=utf8_unicode_ci;

INSERT INTO `posts` (`id`, `user_id`, `category_id`, `type`, `ordertype`, `slug`, `title`, `body`, `thumb`, `approve`, `show_in_homepage`, `created_at`, `updated_at`, `featured_at`, `published_at`, `deleted_at`, `pagination`, `order`, `editor_pick`, `domain_id`, `post_url`) VALUES
(49,	6,	0,	'video',	'',	'vimeo-test',	'vimeo test',	'vimeo test',	'2016-06/10/vimeo-test_1465544070',	'yes',	NULL,	'2016-06-06 12:13:42',	'2016-06-10 04:34:30',	NULL,	'2016-06-06 12:13:42',	NULL,	NULL,	2,	0,	NULL,	NULL),
(51,	7,	0,	'poll',	'',	'test-pol11111111',	'Test Pol11111111',	'1111111111111',	'2016-06/09/test-pol11111111_1465455402',	'yes',	NULL,	'2016-06-09 03:56:42',	'2016-06-09 03:56:42',	NULL,	'2016-06-09 03:56:42',	NULL,	NULL,	NULL,	0,	NULL,	NULL),
(52,	7,	0,	'quiz',	'',	'create-quiz-test',	'Create Quiz Test',	'111111111',	'2016-06/09/create-quiz-test_1465455829',	'yes',	NULL,	'2016-06-09 04:03:49',	'2016-06-09 04:03:49',	NULL,	'2016-06-09 04:03:49',	NULL,	NULL,	NULL,	0,	NULL,	NULL),
(53,	7,	0,	'news',	'',	'create-news-test',	'Create News Test',	'11111111111111111111',	'2016-06/09/create-news-test_1465455921',	'yes',	NULL,	'2016-06-09 04:05:22',	'2016-06-09 04:05:22',	NULL,	'2016-06-09 04:05:22',	NULL,	NULL,	NULL,	0,	NULL,	NULL),
(58,	7,	0,	'poll',	'',	'00000000000000000000000000',	'59999999999999999999999999999999999999',	NULL,	'2016-06/10/00000000000000000000000000_1465542601',	'yes',	NULL,	'2016-06-10 04:10:02',	'2016-06-10 04:10:02',	NULL,	'2016-06-10 04:10:02',	NULL,	NULL,	NULL,	0,	NULL,	NULL),
(59,	7,	0,	'news',	'',	'create-news-test-10',	'Create News Test 10',	NULL,	'2016-06/10/create-news-test-10_1465542877',	'yes',	NULL,	'2016-06-10 04:14:38',	'2016-06-10 04:14:38',	NULL,	'2016-06-10 04:14:38',	NULL,	NULL,	NULL,	1,	NULL,	NULL),
(60,	7,	0,	'video',	'',	'create-video-test-10',	'Create Video TEst 10',	NULL,	'2016-06/10/create-video-test-10_1465549224',	'yes',	NULL,	'2016-06-10 04:17:05',	'2016-06-10 06:00:24',	NULL,	'2016-06-10 04:17:05',	NULL,	NULL,	1,	1,	0,	NULL),
(61,	13,	0,	'news',	'',	'dffffffggggggg-xccc',	'Dffffffggggggg xccc',	NULL,	'2016-06/11/dffffffggggggg-xccc_1465654124',	'yes',	NULL,	'2016-06-11 11:08:44',	'2016-06-21 09:17:44',	NULL,	'2016-06-11 11:08:44',	NULL,	NULL,	NULL,	1,	NULL,	NULL),
(62,	7,	0,	'poll',	'',	'create-pollcreate-pollcreate',	'Create PollCreate PollCreate',	NULL,	'2016-06/12/create-pollcreate-pollcreate_1465775633',	'yes',	NULL,	'2016-06-12 20:53:53',	'2016-06-12 20:53:53',	NULL,	'2016-06-12 20:53:53',	NULL,	NULL,	NULL,	1,	NULL,	NULL),
(63,	1,	0,	'video',	'',	'fnhfd-hrshehetdhye-hehed',	'fnhfd hrshehetdhye hehed',	NULL,	'2016-06/14/fnhfd-hrshehetdhye-hehed_1465907114',	'yes',	NULL,	'2016-06-14 09:25:14',	'2016-06-14 09:25:14',	NULL,	'2016-06-14 09:25:14',	NULL,	NULL,	NULL,	0,	NULL,	NULL),
(64,	13,	0,	'poll',	'',	'איך-קוראים-לך',	'איך קוראים לך',	NULL,	'2016-06/14/איך-קוראים-לך_1465916097',	'yes',	NULL,	'2016-06-14 11:54:57',	'2016-06-17 11:36:59',	NULL,	'2016-06-14 11:54:57',	NULL,	NULL,	NULL,	0,	NULL,	NULL),
(65,	7,	0,	'poll',	'',	'1create-pollcreate-pollcreate-poll1',	'1Create PollCreate PollCreate Poll1',	NULL,	'2016-06/15/1create-pollcreate-pollcreate-poll1_1465998353',	'yes',	NULL,	'2016-06-15 10:45:53',	'2016-06-17 11:53:20',	NULL,	'2016-06-15 10:45:53',	NULL,	NULL,	NULL,	0,	NULL,	NULL),
(66,	7,	0,	'poll',	'',	'poll-entries-member1',	'Poll Entries MEMBER1',	NULL,	'2016-06/17/poll-entries-member1_1466175375',	'yes',	NULL,	'2016-06-17 11:56:16',	'2016-06-21 08:47:31',	NULL,	'2016-06-17 11:56:16',	NULL,	NULL,	NULL,	0,	NULL,	NULL),
(71,	7,	0,	'poll',	'',	'24234234234234',	'24234234234234',	NULL,	'2016-06/21/24234234234234_1466521177',	'yes',	NULL,	'2016-06-21 11:59:37',	'2016-06-21 11:59:37',	NULL,	'2016-06-21 11:59:37',	NULL,	NULL,	NULL,	0,	0,	'http://minisite.fortvision.com/BuzzyDemo/index.html'),
(72,	7,	0,	'poll',	'',	'dsafsdgsdgsdg',	'dsafsdgsdgsdg',	NULL,	'2016-06/22/dsafsdgsdgsdg_1466594114',	'yes',	NULL,	'2016-06-22 08:15:14',	'2016-06-22 08:15:14',	NULL,	'2016-06-22 08:15:14',	NULL,	NULL,	NULL,	0,	0,	'http://minisite.fortvision.com/BuzzyDemo/index.html'),
(73,	7,	0,	'poll',	'',	'fdgfdgdfhgfhgf',	'fdgfdgdfhgfhgf',	NULL,	'2016-06/22/fdgfdgdfhgfhgf_1466594410',	'yes',	NULL,	'2016-06-22 08:20:10',	'2016-06-22 08:20:10',	NULL,	'2016-06-22 08:20:10',	NULL,	NULL,	NULL,	0,	0,	'http://minisite.fortvision.com/BuzzyDemo/index.html'),
(74,	37,	0,	'poll',	'',	'fdgfdsgfdsg',	'fdgfdsgfdsg',	NULL,	'2016-06/22/fdgfdsgfdsg_1466609490',	'yes',	NULL,	'2016-06-22 12:31:30',	'2016-06-22 12:35:41',	NULL,	'2016-06-22 12:31:30',	NULL,	NULL,	NULL,	0,	4,	'http://minisite.fortvision.com/BuzzyDemo/index.html'),
(75,	7,	0,	'poll',	'',	'1111111111111111111',	'1111111111111111111',	NULL,	'2016-06/22/1111111111111111111_1466609557',	'yes',	NULL,	'2016-06-22 12:32:37',	'2016-06-22 12:32:37',	NULL,	'2016-06-22 12:32:37',	NULL,	NULL,	NULL,	0,	5,	'http://minisite.fortvision.com/BuzzyDemo/index.html'),
(76,	8,	0,	'poll',	'',	'אקלהרקלאחיהקרלךאחיקרלאחהיקראה',	'אקלהרקלאחיהקרלךאחיקרלאחהיקראה',	NULL,	'2016-06/22/אקלהרקלאחיהקרלךאחיקרלאחהיקראה_1466609661',	'yes',	NULL,	'2016-06-22 12:34:22',	'2016-06-22 12:34:22',	NULL,	'2016-06-22 12:34:22',	NULL,	NULL,	NULL,	0,	1,	'http://minisite.fortvision.com/BuzzyDemo/'),
(77,	39,	0,	'poll',	'',	'blblvlblbllblblb',	'Blblvlblbllblblb',	NULL,	'2016-06/22/blblvlblbllblblb_1466611846',	'yes',	NULL,	'2016-06-22 13:10:46',	'2016-06-22 13:11:18',	NULL,	'2016-06-22 13:10:46',	NULL,	NULL,	NULL,	0,	6,	'http://minisite.fortvision.com/minisite-template/web2/'),
(78,	8,	0,	'poll',	'',	'כענגכענגכענדגדעגנעד',	'כענגכענגכענדגדעגנעד',	NULL,	'2016-06/23/כענגכענגכענדגדעגנעד_1466666806',	'yes',	NULL,	'2016-06-23 04:26:47',	'2016-06-23 04:26:47',	NULL,	'2016-06-23 04:26:47',	NULL,	NULL,	NULL,	0,	1,	'http://minisite.fortvision.com/BuzzyDemo/'),
(79,	42,	0,	'poll',	'',	'איזה-יום-היום?',	'איזה יום היום?',	NULL,	'2016-06/23/איזה-יום-היום?_1466693465',	'no',	NULL,	'2016-06-23 11:51:05',	'2016-06-23 11:51:05',	NULL,	'2016-06-23 11:51:05',	NULL,	NULL,	NULL,	0,	NULL,	NULL),
(80,	14,	0,	'poll',	'',	'asdfghsadasdq234rxv',	'asdfghsadasdq234rxv',	NULL,	'2016-06/23/asdfghsadasdq234rxv_1466693794',	'yes',	NULL,	'2016-06-23 11:56:34',	'2016-06-23 11:56:34',	NULL,	'2016-06-23 11:56:34',	NULL,	NULL,	NULL,	0,	NULL,	NULL),
(81,	14,	0,	'poll',	'',	'we3dddr3wq41qveg',	'we3dddr3wq41qveg',	NULL,	'2016-06/23/we3dddr3wq41qveg_1466693824',	'yes',	NULL,	'2016-06-23 11:57:04',	'2016-06-23 11:57:04',	NULL,	'2016-06-23 11:57:04',	NULL,	NULL,	NULL,	0,	NULL,	NULL),
(82,	14,	0,	'poll',	'',	'test12312423123xcz',	'test12312423123xcz',	NULL,	'2016-06/23/test12312423123xcz_1466694003',	'yes',	NULL,	'2016-06-23 12:00:03',	'2016-06-23 12:00:03',	NULL,	'2016-06-23 12:00:03',	NULL,	NULL,	NULL,	0,	NULL,	NULL),
(83,	42,	0,	'poll',	'',	'1',	'איזה יום היום?1',	NULL,	'2016-06/23/1_1466694122',	'no',	NULL,	'2016-06-23 12:02:02',	'2016-06-23 12:02:02',	NULL,	'2016-06-23 12:02:02',	NULL,	NULL,	NULL,	0,	NULL,	NULL),
(84,	42,	0,	'quiz',	'',	'מה-שלשומך?!?',	'מה שלשומך?!?',	NULL,	'2016-06/23/מה-שלשומך?!?_1466694217',	'no',	NULL,	'2016-06-23 12:03:37',	'2016-06-23 12:03:37',	NULL,	'2016-06-23 12:03:37',	NULL,	NULL,	NULL,	0,	NULL,	NULL),
(85,	42,	0,	'news',	'',	'fgdsgbdsfg',	'fgdsgbdsfg כע גכענגעגכנע גע ',	NULL,	'2016-06/23/fgdsgbdsfg_1466694467',	'no',	NULL,	'2016-06-23 12:07:47',	'2016-06-23 12:07:47',	NULL,	'2016-06-23 12:07:47',	NULL,	NULL,	NULL,	0,	NULL,	NULL),
(86,	1,	0,	'quiz',	'',	'dthfyjffjgjgdjtj-rtuj',	'dthfyjffjgjgdjtj rtuj ',	NULL,	'2016-06/24/dthfyjffjgjgdjtj-rtuj_1466755148',	'yes',	NULL,	'2016-06-24 04:59:08',	'2016-06-24 04:59:08',	NULL,	'2016-06-24 04:59:08',	NULL,	NULL,	NULL,	0,	NULL,	NULL),
(87,	46,	0,	'poll',	'',	'fjdhdh',	'איך קוראים לךfjdhdh',	NULL,	'2016-06/24/fjdhdh_1466757909',	'no',	NULL,	'2016-06-24 05:45:09',	'2016-06-24 05:45:09',	NULL,	'2016-06-24 05:45:09',	NULL,	NULL,	NULL,	0,	NULL,	NULL),
(88,	46,	0,	'quiz',	'',	'jdhdhxhxxmcj-hsh',	'Jdhdhxhxxmcj hsh',	NULL,	'2016-06/24/jdhdhxhxxmcj-hsh_1466757964',	'no',	NULL,	'2016-06-24 05:46:04',	'2016-06-24 05:46:04',	NULL,	'2016-06-24 05:46:04',	NULL,	NULL,	NULL,	0,	NULL,	NULL),
(89,	46,	0,	'news',	'',	'djxhxhnxjxh-djfhhc',	'Djxhxhnxjxh djfhhc',	NULL,	'2016-06/24/djxhxhnxjxh-djfhhc_1466758054',	'no',	NULL,	'2016-06-24 05:47:34',	'2016-06-24 05:47:34',	NULL,	'2016-06-24 05:47:34',	NULL,	NULL,	NULL,	0,	NULL,	NULL),
(90,	45,	0,	'video',	'',	'fgbdsgbsdfgbfdsgbd',	'fgbdsgbsdfgbfdsgbd',	NULL,	'2016-06/24/fgbdsgbsdfgbfdsgbd_1466758100',	'yes',	NULL,	'2016-06-24 05:48:20',	'2016-06-24 05:51:30',	NULL,	'2016-06-24 05:48:20',	NULL,	NULL,	NULL,	0,	NULL,	NULL),
(91,	49,	0,	'quiz',	'',	'fgbdsgbdfgbdfsgbdfgbdsfgbdfbg',	'fgbdsgbdfgbdfsgbdfgbdsfgbdfbg',	NULL,	'2016-06/24/fgbdsgbdfgbdfsgbdfgbdsfgbdfbg_1466776377',	'no',	NULL,	'2016-06-24 10:52:58',	'2016-06-24 10:52:58',	NULL,	'2016-06-24 10:52:58',	NULL,	NULL,	NULL,	0,	NULL,	NULL),
(92,	44,	0,	'quiz',	'',	'121ojsdiofvjsdiofjciosdjdoidsjxkmlvklsdzjmacsu',	'121ojsdiofvjsdiofjciosdjdoidsjxkmlvklsdzjmac\'su',	NULL,	'2016-06/24/121ojsdiofvjsdiofjciosdjdoidsjxkmlvklsdzjmacsu_1466777088',	'yes',	NULL,	'2016-06-24 11:04:48',	'2016-06-24 11:04:48',	NULL,	'2016-06-24 11:04:48',	NULL,	NULL,	NULL,	0,	NULL,	NULL),
(93,	44,	0,	'quiz',	'',	'mega-testssssssss',	'mega testssssssss',	NULL,	'2016-06/24/mega-testssssssss_1466777814',	'yes',	NULL,	'2016-06-24 11:16:54',	'2016-06-24 11:16:54',	NULL,	'2016-06-24 11:16:54',	NULL,	NULL,	NULL,	0,	NULL,	NULL),
(94,	44,	0,	'quiz',	'',	'asdfghjklertyuiopertyuiop',	'asdfghjkl;\'ertyuiop[]ertyuiop',	NULL,	'2016-06/24/asdfghjklertyuiopertyuiop_1466778240',	'yes',	NULL,	'2016-06-24 11:24:00',	'2016-06-24 11:24:00',	NULL,	'2016-06-24 11:24:00',	NULL,	NULL,	NULL,	0,	NULL,	NULL),
(95,	44,	0,	'quiz',	'',	'wwwwadszcxxxxxxxwq',	'wwwwadszcxxxxxxxwq',	NULL,	'2016-06/24/wwwwadszcxxxxxxxwq_1466778442',	'yes',	NULL,	'2016-06-24 11:27:22',	'2016-06-24 11:27:22',	NULL,	'2016-06-24 11:27:22',	NULL,	NULL,	NULL,	0,	NULL,	NULL),
(96,	44,	0,	'quiz',	'',	'tewtsedtsd',	'tewtsedtsd',	NULL,	'2016-06/24/tewtsedtsd_1466779148',	'yes',	NULL,	'2016-06-24 11:39:08',	'2016-06-24 11:39:08',	NULL,	'2016-06-24 11:39:08',	NULL,	NULL,	NULL,	0,	NULL,	NULL),
(97,	44,	0,	'quiz',	'',	'poiuytrewqazxc-vb',	'poiuytrewqaZXC VB',	NULL,	'2016-06/24/poiuytrewqazxc-vb_1466779305',	'yes',	NULL,	'2016-06-24 11:41:45',	'2016-06-24 11:41:45',	NULL,	'2016-06-24 11:41:45',	NULL,	NULL,	NULL,	0,	NULL,	NULL),
(98,	44,	0,	'quiz',	'',	'poiuytrewsdfghjkjnbvc',	'poiuytrewsdfghjkjnbvc',	NULL,	'2016-06/24/poiuytrewsdfghjkjnbvc_1466779650',	'yes',	NULL,	'2016-06-24 11:47:30',	'2016-06-24 11:47:30',	NULL,	'2016-06-24 11:47:30',	NULL,	NULL,	NULL,	0,	NULL,	NULL),
(99,	44,	0,	'quiz',	'',	'lkjogtdmtfgcvujkopkl',	'lkjogtdmtfgcvujkopk,l;,',	NULL,	'2016-06/24/lkjogtdmtfgcvujkopkl_1466779749',	'yes',	NULL,	'2016-06-24 11:49:10',	'2016-06-24 11:49:10',	NULL,	'2016-06-24 11:49:10',	NULL,	NULL,	NULL,	0,	NULL,	NULL),
(100,	44,	0,	'quiz',	'',	'poiuygtfrdszxcvbnmnbvcxzxcv',	'[poiuygtfrdszxcvbnmnbvcxzxcv',	NULL,	'2016-06/24/poiuygtfrdszxcvbnmnbvcxzxcv_1466780076',	'yes',	NULL,	'2016-06-24 11:54:36',	'2016-06-24 11:54:36',	NULL,	'2016-06-24 11:54:36',	NULL,	NULL,	NULL,	0,	NULL,	NULL),
(101,	44,	0,	'quiz',	'',	'sdasdasdwqeqwdzscxzcxz',	'sdasdasdwqeqwdzscxzcxz',	NULL,	'2016-06/24/sdasdasdwqeqwdzscxzcxz_1466780152',	'yes',	NULL,	'2016-06-24 11:55:52',	'2016-06-24 11:55:52',	NULL,	'2016-06-24 11:55:52',	NULL,	NULL,	NULL,	0,	NULL,	NULL);

DROP TABLE IF EXISTS `reactions`;
CREATE TABLE `reactions` (
  `id` int(10) unsigned NOT NULL AUTO_INCREMENT,
  `post_id` int(11) NOT NULL,
  `user_id` int(11) NOT NULL,
  `reaction_type` varchar(25) COLLATE utf8_unicode_ci NOT NULL,
  `created_at` timestamp NOT NULL DEFAULT '0000-00-00 00:00:00',
  `updated_at` timestamp NOT NULL DEFAULT '0000-00-00 00:00:00',
  PRIMARY KEY (`id`)
) ENGINE=InnoDB DEFAULT CHARSET=utf8 COLLATE=utf8_unicode_ci;


DROP TABLE IF EXISTS `settings`;
CREATE TABLE `settings` (
  `id` int(10) unsigned NOT NULL AUTO_INCREMENT,
  `key` varchar(255) COLLATE utf8_unicode_ci NOT NULL,
  `value` text COLLATE utf8_unicode_ci NOT NULL,
  PRIMARY KEY (`id`),
  UNIQUE KEY `settings_key_unique` (`key`)
) ENGINE=InnoDB DEFAULT CHARSET=utf8 COLLATE=utf8_unicode_ci;

INSERT INTO `settings` (`id`, `key`, `value`) VALUES
(4,	'siteposturl',	'\"1\"'),
(5,	'AutoInHomepage',	'\"true\"'),
(6,	'languagetype',	'\"en_US\"'),
(9,	'p-buzzyquizzes',	'\"on\"'),
(10,	'p-buzzypolls',	'\"on\"'),
(11,	'p-buzzynews',	'\"off\"'),
(12,	'p-buzzylists',	'\"off\"'),
(30,	'sitelogo',	'{}'),
(31,	'footerlogo',	'{}'),
(32,	'favicon',	'{}'),
(34,	'sitename',	'\"FrontVision\"'),
(35,	'sitetitle',	'\"frotvision\"'),
(36,	'sitemetadesc',	'\"frotvision\"'),
(37,	'termspage',	'\"\"'),
(38,	'sitelanguage',	'\"\"'),
(39,	'googlefont',	'\"Lato:400,500,500italic,600,700&subset=latin,latin-ext\"'),
(40,	'sitefontfamily',	'\"\'Lato\', Helvetica, Arial, sans-serif\"'),
(41,	'facebookapp',	'\"274455496241026\"'),
(42,	'facebookappsecret',	'\"\"'),
(43,	'googleapp',	'\"1081195691216-902ksbjf9s38gd4rf5iu0fvagaap1jj9\"'),
(44,	'googleappsecret',	'\"\"'),
(45,	'twitterapp',	'\"\"'),
(46,	'twitterappsecret',	'\"\"'),
(47,	'headcode',	'\"\"'),
(48,	'footercode',	'\"\"'),
(49,	'p-buzzyvideos',	'\"on\"'),
(67,	'DisqussCommentcode',	'\"\"'),
(70,	'p-easycomment',	'\"on\"'),
(82,	'p-disquscomments',	'\"off\"'),
(83,	'_token',	'\"r9fV5E94KSa2ViIWZSK1qAPlSrh4FPVp4xWxIUDz\"'),
(84,	'easyCommentTheme',	'\"Dark\"'),
(85,	'easyCommentTitle',	'\"testComment\"'),
(86,	'easyCommentcode',	'\"MQoSND0i8--UsXH8pYGv4ktjiZSI36AQVYI\"');

DROP TABLE IF EXISTS `sikayet`;
CREATE TABLE `sikayet` (
  `gonderen` varchar(50) DEFAULT NULL,
  `id` int(11) NOT NULL AUTO_INCREMENT,
  `icerikid` int(11) DEFAULT NULL,
  `tarih` text,
  PRIMARY KEY (`id`),
  KEY `id` (`id`)
) ENGINE=InnoDB DEFAULT CHARSET=utf8;


DROP TABLE IF EXISTS `users`;
CREATE TABLE `users` (
  `id` int(10) unsigned NOT NULL AUTO_INCREMENT,
  `usertype` varchar(20) COLLATE utf8_unicode_ci DEFAULT NULL,
  `username` varchar(40) COLLATE utf8_unicode_ci DEFAULT NULL,
  `username_slug` varchar(40) COLLATE utf8_unicode_ci DEFAULT NULL,
  `name` varchar(20) COLLATE utf8_unicode_ci DEFAULT NULL,
  `town` varchar(20) COLLATE utf8_unicode_ci DEFAULT NULL,
  `genre` varchar(20) COLLATE utf8_unicode_ci NOT NULL,
  `icon` varchar(200) COLLATE utf8_unicode_ci DEFAULT NULL,
  `email` varchar(255) COLLATE utf8_unicode_ci NOT NULL,
  `password` varchar(60) COLLATE utf8_unicode_ci NOT NULL,
  `facebook_id` int(11) DEFAULT NULL,
  `about` varchar(500) COLLATE utf8_unicode_ci DEFAULT NULL,
  `facebookurl` varchar(250) COLLATE utf8_unicode_ci DEFAULT NULL,
  `twitterurl` varchar(250) COLLATE utf8_unicode_ci DEFAULT NULL,
  `weburl` varchar(250) COLLATE utf8_unicode_ci DEFAULT NULL,
  `remember_token` varchar(100) COLLATE utf8_unicode_ci DEFAULT NULL,
  `created_at` timestamp NOT NULL DEFAULT '0000-00-00 00:00:00',
  `updated_at` timestamp NOT NULL DEFAULT '0000-00-00 00:00:00',
  `splash` varchar(200) COLLATE utf8_unicode_ci DEFAULT NULL,
  `user_domain` varchar(255) COLLATE utf8_unicode_ci DEFAULT NULL,
  PRIMARY KEY (`id`),
  UNIQUE KEY `users_email_unique` (`email`),
  UNIQUE KEY `users_username_unique` (`username`),
  UNIQUE KEY `users_username_slug_unique` (`username_slug`)
) ENGINE=InnoDB DEFAULT CHARSET=utf8 COLLATE=utf8_unicode_ci;

INSERT INTO `users` (`id`, `usertype`, `username`, `username_slug`, `name`, `town`, `genre`, `icon`, `email`, `password`, `facebook_id`, `about`, `facebookurl`, `twitterurl`, `weburl`, `remember_token`, `created_at`, `updated_at`, `splash`, `user_domain`) VALUES
(1,	'Admin',	'admin',	'admin',	NULL,	NULL,	'',	NULL,	'admin@admin.com',	'$2y$10$htXc2B0G0O0KHEtc/vhMuewJNvvv5DRzhQYVqkNexl99sAMHpuqPu',	NULL,	NULL,	NULL,	NULL,	NULL,	'h9Gi9nRFhkEMsG87WlyxXKMSM7Cq6Lk5UOXh4oUUKZBZkPHS8bsfZr2fn6Lj',	'2016-05-06 00:59:32',	'2016-06-24 07:07:32',	NULL,	'minisite.fortvision.com'),
(2,	NULL,	'Vitaly',	'vitaly',	NULL,	NULL,	'',	NULL,	'vitaliy.trizna@gmail.com',	'$2y$10$htXc2B0G0O0KHEtc/vhMuewJNvvv5DRzhQYVqkNexl99sAMHpuqPu',	NULL,	NULL,	NULL,	NULL,	NULL,	'0wWtNl5ckeVLEIh71bVuSN1F9U2OL0rVHAmC0xvQmAMG0sZGSjS5ZnAhU2ws',	'2016-06-02 09:58:52',	'2016-06-17 07:07:52',	NULL,	NULL),
(3,	'Staff',	'test',	'test',	NULL,	NULL,	'',	NULL,	'test@test.test',	'$2y$10$bJdd/Hu0OHzLzHGpbjTQxuxDx6IBhKdWfTCnxp8AId7/II7b2jIvq',	NULL,	NULL,	NULL,	NULL,	NULL,	'dd46a756faad4727fb679320751f6dea',	'2016-06-02 10:02:38',	'2016-06-17 08:52:36',	NULL,	NULL),
(4,	'Staff',	'itbinc11@gmail.com',	'itbinc11gmailcom',	NULL,	NULL,	'',	NULL,	'itbinc11@gmail.com',	'$2y$10$2pukUHXXQFG8XrcGDbBp3uyCk46l1YtsOauqnPV0OQ30892/URevK',	NULL,	NULL,	NULL,	NULL,	NULL,	'AAdKHFYCyd1ahPhYFYeXHmGFm1RfYiRRr9vxUd87eAFfrv3W0B9HcWCVqaDD',	'2016-06-03 06:07:24',	'2016-06-22 06:57:02',	NULL,	NULL),
(5,	'approve',	'shaokan123',	'shaokan123',	NULL,	NULL,	'',	NULL,	'shaokan@ukr.net',	'$2y$10$w7XxIURcBBBtRai3KlELI.zTKqo5BPTBJpFj7AERUFAqclu6u7khe',	NULL,	NULL,	NULL,	NULL,	NULL,	'WSZJepM00ZJYt4Eb21XQUTqKby2yHiUCnMlB0DXwjE2wQoST085nOZo1u8Jo',	'2016-06-06 06:39:46',	'2016-06-06 06:40:04',	NULL,	NULL),
(6,	NULL,	'roberro',	'roberro',	NULL,	NULL,	'',	NULL,	'itbdev1@gmail.com',	'$2y$10$Fwd5k4OtRY3QBYwfojKf2.z5LPkRhP9JRVApWlts2gBWWxpLewLiS',	NULL,	NULL,	NULL,	NULL,	NULL,	'OKGTsal8ykGYnUEL8oGHNcHUOVs38yFGyzNKTZcqq8Oswa3Q1j9t31GzMWwD',	'2016-06-06 12:12:15',	'2016-06-17 09:29:05',	NULL,	NULL),
(7,	'Admin',	'rbrr',	'rbrr',	NULL,	NULL,	'',	NULL,	'shaternik.rbrr@gmail.com',	'$2y$10$Fwd5k4OtRY3QBYwfojKf2.z5LPkRhP9JRVApWlts2gBWWxpLewLiS',	NULL,	NULL,	NULL,	NULL,	NULL,	'VFZu3rviye9YEtyKFJDsY65rAGqTVymsbXrjI7suwY1DZtn8euFxfTzfHNtX',	'2016-06-07 12:01:10',	'2016-06-24 11:07:27',	NULL,	'minisite.fortvision.com'),
(8,	'Admin',	'raanan',	'raanan',	NULL,	NULL,	'',	NULL,	'raanan@test.com',	'$2y$10$aL3dIhJjXLojzemBJ2GgJeXv3E8LURaZgQogUsXSTj59u.N40u71e',	NULL,	NULL,	NULL,	NULL,	NULL,	'iPchjFAStZWutwsN7DSsXk5iPhRkf2rS82p6iNPNzC17s2JnSQg8m9uqDFrL',	'2016-06-07 12:08:28',	'2016-06-14 13:45:29',	NULL,	NULL),
(9,	'approve',	'test12',	'test12',	NULL,	NULL,	'',	NULL,	'test@test34.com',	'$2y$10$Kn6qBmFhLOrpLrl2zbOTJO0ZUOYK/k5gl35lGeBz5uYhf5RZ3yc..',	NULL,	NULL,	NULL,	NULL,	NULL,	'f75c171af558edf6f89c478bec97ea6b',	'2016-06-08 12:12:41',	'2016-06-08 12:12:41',	NULL,	NULL),
(10,	'approve',	'UT8LN',	'ut8ln',	NULL,	NULL,	'',	NULL,	'ut8ln@ukr.net',	'$2y$10$E9sl2hUdPgER.EEw/DtDVONkyLb74u7fZZx0iRBxgyhXy/cyJq1a6',	NULL,	NULL,	NULL,	NULL,	NULL,	'B4pTCxuIYAb9MCCkGIeeZ8buMq3Rjxb9MyIlvIsYILKEKnedTNqtxCs2Ryy1',	'2016-06-09 17:38:37',	'2016-06-22 03:13:50',	NULL,	NULL),
(11,	'approve',	'UX7LQ',	'ux7lq',	NULL,	NULL,	'',	NULL,	'ux7lq@gmail.com',	'$2y$10$KuA6LLh3PiQ5yzCnx5CX/OqFG2N25Lig7dMxrM30UfivuyyS.eGuy',	NULL,	NULL,	NULL,	NULL,	NULL,	'2ed3fcbadfc0b466f51c5f643ab399e1',	'2016-06-10 03:28:58',	'2016-06-10 03:28:58',	NULL,	NULL),
(13,	'approve',	'Ddddd',	'ddddd',	'',	'',	'Male',	'ddddd-dbd1a441192948f79cce42c5163500f4',	'xxxx@dddd.com',	'$2y$10$vZ/ZiHIfDu2DsgFo6kKWrOESAW5k4ql9uD4GP38RzPwvTb4eWRB6S',	NULL,	'',	'',	'',	'',	'yOeeOMe5kTQXYCbmw8NeZfbDPxiWabVnkOKAloUd2kQ5H1rj5TlkjYJh5ztI',	'2016-06-10 14:50:08',	'2016-06-22 13:09:42',	NULL,	NULL),
(14,	'Admin',	'serg',	'serg',	NULL,	NULL,	'',	NULL,	'serhii.ponomarenko@hneu.net',	'$2y$10$JL0WiQjWwT8.dVkeVY8W7eMQNrm8T5ZY4YKbFP99.WAJnQRB2hzKu',	NULL,	NULL,	NULL,	NULL,	NULL,	'NBAkCzfYckkJZ6iAdFRey413TGKzUOBX9WIDPQe2YreoNLPd4ARyBZCstFOk',	'2016-06-14 05:17:15',	'2016-06-24 03:52:29',	NULL,	NULL),
(15,	'approve',	'Fhfhfjdk',	'fhfhfjdk',	NULL,	NULL,	'',	NULL,	'xxxx@dbbhhddd.com',	'$2y$10$eAMO.MzaXMF5/gU9YHflcefDtKQ2xl1ANPug0OnZpm/uN8OXxtmES',	NULL,	NULL,	NULL,	NULL,	NULL,	'HuKu6JYkZlg8I9HFfstdqH76di6ZVUDVNCz3gGoxZPxZfw4DMRMvDYIfJPNX',	'2016-06-14 12:46:04',	'2016-06-14 13:15:26',	NULL,	NULL),
(16,	'approve',	'shubu',	'shubu',	NULL,	NULL,	'',	NULL,	'elad01@gmail.com',	'$2y$10$0QXWHg1M9ddqRjnYvPyvPOKn24v4O04rN/nmXrf2E0j9d7731VUs2',	NULL,	NULL,	NULL,	NULL,	NULL,	'c120a5b5d51a7917410cc7e093482e71',	'2016-06-14 13:14:01',	'2016-06-14 13:14:01',	NULL,	NULL),
(17,	'approve',	'Fhxhxhxbxb',	'fhxhxhxbxb',	NULL,	NULL,	'',	NULL,	'xhhhxxx@dddd.com',	'$2y$10$.JNPSZqeQzvYBrJPGrpHB.hMjdA96qs5/F8EVZwmeBLhSg3zRR30W',	NULL,	NULL,	NULL,	NULL,	NULL,	'f0abf6b4a7c6d87cd92e3ee3ef261dc3',	'2016-06-14 13:16:15',	'2016-06-14 13:16:15',	NULL,	NULL),
(18,	'approve',	'Fhdhdhdhdh',	'fhdhdhdhdh',	NULL,	NULL,	'',	NULL,	'xnxcjdj@djcjf.com',	'$2y$10$nfkWifN/68qHQJsHZ0dLaujmBtp/D4hkRs.sQMw4g55YinPORdfl.',	NULL,	NULL,	NULL,	NULL,	NULL,	'2b4e4dc24dd91791c9970653c41d6f38',	'2016-06-14 13:20:29',	'2016-06-14 13:20:29',	NULL,	NULL),
(19,	'approve',	'Dhdhshxdhdhhx',	'dhdhshxdhdhhx',	NULL,	NULL,	'',	NULL,	'xhxjchhx@dhdhs.com',	'$2y$10$QUwuM3qOXYGYoPd5jpW7IehWevFaChg8aRszduDZaH7ora4U3EK/y',	NULL,	NULL,	NULL,	NULL,	NULL,	'9ed69c0786b289338f3bd795f1d492c2',	'2016-06-14 13:22:48',	'2016-06-14 13:22:48',	NULL,	NULL),
(20,	'approve',	'Aaabbb@aa.com',	'aaabbbaacom',	NULL,	NULL,	'',	NULL,	'Aaabbb@aa.com',	'$2y$10$uNyu3x.TmKlpWxF2x80bnucirRDRiv55RKak0ymfKGzjnAmJkg1jO',	NULL,	NULL,	NULL,	NULL,	NULL,	'8c17d74849e377968211395e98327ca3',	'2016-06-14 13:24:38',	'2016-06-14 13:24:38',	NULL,	NULL),
(21,	'Admin',	'serge',	'serge',	NULL,	NULL,	'',	NULL,	'kakbegraf1@gmail.com',	'$2y$10$oyzszP.1R5l2Ap0KrqLG9e4CASZ2boyuKWs46fNnm2TMxyLG8AB6a',	NULL,	NULL,	NULL,	NULL,	NULL,	'POMqMj520PRD7YXZLWpiIUEj3ShT2e0vCyRqf8Hr7JvvkgdH6HQnYT5px3KZ',	'2016-06-15 03:00:11',	'2016-06-17 09:36:48',	NULL,	NULL),
(22,	'approve',	'Test123123123',	'test123123123',	NULL,	NULL,	'',	NULL,	'12345678@123.com',	'$2y$10$.cxaHslWKKdSOBSfkC5MIO8fJlkfAJstUbSeUnHvQFE4jTDW36Owy',	NULL,	NULL,	NULL,	NULL,	NULL,	'029900a61b77d8e0b66ececd3ec704d4',	'2016-06-15 03:02:40',	'2016-06-15 03:02:40',	NULL,	NULL),
(23,	'approve',	'Vvvvvhh',	'vvvvvhh',	NULL,	NULL,	'',	NULL,	'dddhfdxb@dgh.com',	'$2y$10$qDXH5N0g344rU0kL/cCiKuK6T18ZpXS7nAcNbojUFvmX0vhpcUOjS',	NULL,	NULL,	NULL,	NULL,	NULL,	'8fad208f4347aacbe0124f81ad329115',	'2016-06-15 03:08:50',	'2016-06-15 03:08:50',	NULL,	NULL),
(24,	'approve',	'Dhdhdhdhhdhd',	'dhdhdhdhhdhd',	NULL,	NULL,	'',	NULL,	'dnsndhxhdhhd@xhhdd.com',	'$2y$10$IgpFgcYumW5GCxkot.SBwODGng04RJEugGDGb6JzgB7i/3ZikFING',	NULL,	NULL,	NULL,	NULL,	NULL,	'0821d973f5a67e9ee425eecb87b321bb',	'2016-06-15 08:38:33',	'2016-06-15 08:38:33',	NULL,	NULL),
(25,	'approve',	'Testers',	'testers',	NULL,	NULL,	'',	NULL,	'serhii.po@hneu.net',	'$2y$10$YhyY19GN4nxEVxZfDp7XbOQaueSHNZqVvj1jwovpH8Hk/yERpafom',	NULL,	NULL,	NULL,	NULL,	NULL,	'IdVKGsfiayksYluxxRmRGu8sISR7UAc4sURYUBoHkgjQBeEXfd2CJ3n5GcF8',	'2016-06-15 08:54:20',	'2016-06-15 09:07:43',	NULL,	NULL),
(26,	'approve',	'Dhdhhddhhs',	'dhdhhddhhs',	NULL,	NULL,	'',	NULL,	'dhdhshhs@djdh.com',	'$2y$10$yBDn6gOzK3KXFTI5sBqR..vb/6Vt4xetpiJfv6hkGYGIRGmx9taTm',	NULL,	NULL,	NULL,	NULL,	NULL,	'c9d94e8890c9d3c6c7d47f5f3eb606e3',	'2016-06-15 08:55:41',	'2016-06-15 08:55:41',	NULL,	NULL),
(27,	'approve',	'Dhchhxhxhxhx',	'dhchhxhxhxhx',	NULL,	NULL,	'',	NULL,	'abcabc@abc.com',	'$2y$10$0TMJFJKXu5qt9NzNyrxtPuanm.PZi9EG3/9Fn0MHteRhqHU0yY8Lm',	NULL,	NULL,	NULL,	NULL,	NULL,	'25989791dd934de6b959802888404e13',	'2016-06-15 08:56:21',	'2016-06-15 08:56:21',	NULL,	NULL),
(28,	'approve',	'TeddyYou',	'teddyyou',	NULL,	NULL,	'',	NULL,	'trrd@gr.dyy',	'$2y$10$8r82mVQ1uzGBh1ewd/AVde9gpNWml3K0F3CRoBgtyZNkG9TnRjQda',	NULL,	NULL,	NULL,	NULL,	NULL,	'947413b385c82bab52768dee04a20507',	'2016-06-15 09:06:27',	'2016-06-15 09:06:27',	NULL,	NULL),
(29,	'approve',	'Fgiij',	'fgiij',	NULL,	NULL,	'',	NULL,	'fhf@huu.bb',	'$2y$10$RiyxVGoP8vxJ/1XD8QqlPeCdrjotLKQUe72rTPZ/apnUpOhnKaL6q',	NULL,	NULL,	NULL,	NULL,	NULL,	'1a463f815f6a9811a5d531718b560aec',	'2016-06-15 09:08:17',	'2016-06-15 09:08:17',	NULL,	NULL),
(30,	'approve',	'Fjdhdh',	'fjdhdh',	NULL,	NULL,	'',	NULL,	'raanan@gmail.com',	'$2y$10$eFIufWXcsk2nhu2de6tnweNBiYeNNFCveuaytdaQHrVYnbxDInnQC',	NULL,	NULL,	NULL,	NULL,	NULL,	'1c16e3b29b599dfb51f065d4bc2c1227',	'2016-06-15 09:12:51',	'2016-06-15 09:12:51',	NULL,	NULL),
(31,	'approve',	'Mayaw',	'mayaw',	NULL,	NULL,	'',	NULL,	'maya@maya.com',	'$2y$10$MDhv0mWOXKVsqFOHtgwnme.8C2t8r9njhi4wQeN2Y1ZJFAJsegKpK',	NULL,	NULL,	NULL,	NULL,	NULL,	'47a791ce0b9fb21a1eaceb91c1e5c441',	'2016-06-15 16:43:26',	'2016-06-15 16:43:26',	NULL,	NULL),
(32,	'approve',	'fdhgdfkdhSFKS',	'fdhgdfkdhsfks',	NULL,	NULL,	'',	NULL,	'SFSDFJKGHDFJKG@DFGDFG.COM',	'$2y$10$0iQSf5i7q9BJQpD6Y2UsduOqK0qL5VmmiWBiOno.qopboggsyYFJO',	NULL,	NULL,	NULL,	NULL,	NULL,	'3d00fae7b2e82fc7e5903213e345ab89',	'2016-06-17 05:14:01',	'2016-06-17 05:14:01',	NULL,	NULL),
(33,	'approve',	'TFTg',	'tftg',	NULL,	NULL,	'',	NULL,	'gds@gh.jg',	'$2y$10$dOEaB4LqOfjE4nw.e.GWnOhp2Ak9xUIV/9rlbWo46Jp4/tjU7McWW',	NULL,	NULL,	NULL,	NULL,	NULL,	'f2244224473a156200cea13bdbab9a0c',	'2016-06-17 08:36:39',	'2016-06-17 08:36:39',	NULL,	NULL),
(34,	'approve',	'dgdfkjghdfkg',	'dgdfkjghdfkg',	NULL,	NULL,	'',	NULL,	'fgkdhfgskdjgh@ekgjdhfgdkh.com',	'$2y$10$V3X47/lU7KmBslVMTP55ouZ5UeZ.VD3gQV6qoiFmokpVtKXwmsJZ2',	NULL,	NULL,	NULL,	NULL,	NULL,	'1294a3adcd4fff8641d748118c70d126',	'2016-06-17 13:55:48',	'2016-06-17 13:55:48',	NULL,	NULL),
(35,	'approve',	'fsdfsfsdffDFGKJDFGHQDFG',	'fsdfsfsdffdfgkjdfghqdfg',	NULL,	NULL,	'',	NULL,	'DFGKJDHGKJD@DFGDFG.COM',	'$2y$10$l5bqSyAzUcfL2eEO5yJ16uLEEoJRBXeF8Fk1P.mG2T31eg/4ikdlu',	NULL,	NULL,	NULL,	NULL,	NULL,	'5e6d4fbc3039e4f443c4ef5b46e5d877',	'2016-06-20 06:49:59',	'2016-06-20 06:49:59',	NULL,	NULL),
(36,	'approve',	'Cjcjchchch',	'cjcjchchch',	NULL,	NULL,	'',	NULL,	'sksjsjsjjs@dndjd.com',	'$2y$10$uCSZnAgGeopbSdAx8Z.gnuBMU8M39j8VtxrQcy9RoftFmuWM50.Ay',	NULL,	NULL,	NULL,	NULL,	NULL,	'ju8MnkDbqqy9uCkFdweH13iY6PbXIvyTZPOTmo2hSxg2TykQj4F3zuld1BPP',	'2016-06-21 12:16:19',	'2016-06-21 12:18:56',	NULL,	NULL),
(37,	'approve',	'gilberto',	'gilberto',	NULL,	NULL,	'',	NULL,	'ces@datasvit.net',	'$2y$10$wmH450ob1Oncji59SrD7duRvM5T2fr97ryFVkFuOKcLK1CZ8KqKce',	NULL,	NULL,	NULL,	NULL,	NULL,	'z9wjVPTlzQDorc49zgQ7KC8e5JTPbvYYTc4NphEg8N5w3pqreMEQtdgvv1CT',	'2016-06-22 12:25:04',	'2016-06-22 12:32:08',	NULL,	NULL),
(38,	'approve',	'Tyuf',	'tyuf',	NULL,	NULL,	'',	NULL,	'cot@cot.ia',	'$2y$10$IrazZFLhZGX.dErO/tX7tOTlnJbmQC41.SNLyNUi7RR16tIjmFTOO',	NULL,	NULL,	NULL,	NULL,	NULL,	'bfaff3087209ce0297ae16fdae29dc89',	'2016-06-22 12:25:18',	'2016-06-22 12:25:18',	NULL,	NULL),
(39,	'approve',	'Fhdhjdjdhhd',	'fhdhjdjdhhd',	NULL,	NULL,	'',	NULL,	'xnxbxbbx@djxhd.com',	'$2y$10$xNTtBRExDioxJjVefqjvGe.y3Rf2KXgx1c9U8Qmk9R8OLBfdojHPG',	NULL,	NULL,	NULL,	NULL,	NULL,	'35346b4df8c188550d7eb914e750875d',	'2016-06-22 13:09:59',	'2016-06-22 13:09:59',	NULL,	NULL),
(40,	'approve',	'Raanantest@gmail.com',	'raanantestgmailcom',	NULL,	NULL,	'',	NULL,	'Raanantest@gmail.com',	'$2y$10$TX17dtU3hOK64FckShc8veF8jg3K5xf8a4bzEqqDLR9RJXhF5c3tu',	NULL,	NULL,	NULL,	NULL,	NULL,	'2eee05b4665f4d137748787b7f2c8809',	'2016-06-23 04:02:05',	'2016-06-23 04:02:05',	NULL,	NULL),
(41,	'approve',	'demo.narola',	'demonarola',	NULL,	NULL,	'',	NULL,	'demo.narola@gmail.com',	'$2y$10$rVc4wiJ9MqZKj9994.orMOI2uW6p68bL8UzIbktmD7k8i71RSH7o6',	NULL,	NULL,	NULL,	NULL,	NULL,	'b66857ab2633c0d92aff14f0f8f110e2',	'2016-06-23 08:46:33',	'2016-06-23 08:46:33',	NULL,	NULL),
(42,	'approve',	'raanan12@gmail.com',	'raanan12gmailcom',	NULL,	NULL,	'',	NULL,	'raanan12@gmail.com',	'$2y$10$0h4xrvlFGFNouhjU34QMt.2w.02eTCLfHGK2c6yi/xPfAaT0dwsR2',	NULL,	NULL,	NULL,	NULL,	NULL,	'f10e31bf3136d9a5f05359206be4b057',	'2016-06-23 11:50:33',	'2016-06-23 11:50:33',	NULL,	NULL),
(43,	'approve',	'test007',	'test007',	NULL,	NULL,	'',	NULL,	'ser@asd.asd',	'$2y$10$qbr4HRO0yA.ks0mYKMugC.N/tC5/V7kbfgywguoNGcPJ9ey9fyy2m',	NULL,	NULL,	NULL,	NULL,	NULL,	'JoREskKjYW2hDPdsz0Uvivz6AeCj5lqQAjM50QeyTIaNnl58m2ZGR6SRpNqK',	'2016-06-24 03:55:32',	'2016-06-24 04:00:44',	NULL,	NULL),
(44,	'Admin',	'pos',	'pos',	NULL,	NULL,	'',	NULL,	's@s.s',	'$2y$10$x2y2MQIef1MpTTaTJ/5AROT8K5dG9ImfWRcI4UVBbgrVdbZqJQMIG',	NULL,	NULL,	NULL,	NULL,	NULL,	'df487637cef4dc2ce4ce89a036087569',	'2016-06-24 04:01:44',	'2016-06-24 04:01:44',	NULL,	NULL),
(45,	'approve',	'testtest645645645@ccom.com',	'testtest645645645ccomcom',	NULL,	NULL,	'',	NULL,	'testtest645645645@ccom.com',	'$2y$10$YNBum42HuKkpRRpXIJD13eBF6eG2qilMT0ApYP5EAnkZz6mN9xK8K',	NULL,	NULL,	NULL,	NULL,	NULL,	'6398212caea26d38c7c3efcdb802cb4c',	'2016-06-24 05:44:08',	'2016-06-24 05:44:08',	NULL,	NULL),
(46,	'approve',	'Jdhdjdndjxjdn',	'jdhdjdndjxjdn',	NULL,	NULL,	'',	NULL,	'zknzjxnxnx@djjdhfh.com',	'$2y$10$GfxmRD1lzaDsiWDEm.3GjeX/SXixciIbn6GbwHzAnddUBhA2kRupC',	NULL,	NULL,	NULL,	NULL,	NULL,	'13fdd13805b75b55dc12d9dd17ef3643',	'2016-06-24 05:44:24',	'2016-06-24 05:44:24',	NULL,	NULL),
(47,	'approve',	'Cndndnxhcncncj',	'cndndnxhcncncj',	NULL,	NULL,	'',	NULL,	'cncnncnxbd@xjfhf.com',	'$2y$10$TTjNYyULShjW5l/J8fI6SOJzYMZ1Af0x8w/K1HUwDo65SU5LrV89.',	NULL,	NULL,	NULL,	NULL,	NULL,	'ff618826f362e9378ece9996ef9641f7',	'2016-06-24 05:56:40',	'2016-06-24 05:56:40',	NULL,	NULL),
(48,	'approve',	'Fhdhjdjdhhdsss',	'fhdhjdjdhhdsss',	NULL,	NULL,	'',	NULL,	'xnddxxbxbbx@djxhd.com',	'$2y$10$.T/RHcYYKyzdbPBirEgKyu6bU9zbZJIseNpWW3ekLT3Zw1Llypopu',	NULL,	NULL,	NULL,	NULL,	NULL,	'24fd78e3704938f99211e621be7e8154',	'2016-06-24 10:47:38',	'2016-06-24 10:47:38',	NULL,	NULL),
(49,	'approve',	'rtebeegtergtertg',	'rtebeegtergtertg',	NULL,	NULL,	'',	NULL,	'ewtgewrtgwe@etgertg.com',	'$2y$10$lUsvVKcTBuV/XPoLDVBaDOv52xJuDS5uZ2OebDanOiHaX/5LCFiYy',	NULL,	NULL,	NULL,	NULL,	NULL,	'eb6b1bfa61713c19bcee1957888b959a',	'2016-06-24 10:52:32',	'2016-06-24 10:52:32',	NULL,	NULL),
(50,	'approve',	'adasdvsavas',	'adasdvsavas',	NULL,	NULL,	'',	NULL,	'asdvasdvsadv@cv.com',	'$2y$10$qHkQCpVPVwvnOjRCFfxw2udpCZ8uHCRlGRXjiQ/nB9G/BAUL1RHOG',	NULL,	NULL,	NULL,	NULL,	NULL,	'60d6d8cef5a8071d39fb16a0ee104827',	'2016-06-24 11:02:01',	'2016-06-24 11:02:01',	NULL,	NULL);

DROP TABLE IF EXISTS `uyeler`;
CREATE TABLE `uyeler` (
  `id` int(11) NOT NULL AUTO_INCREMENT,
  `kulladi` varchar(50) DEFAULT NULL,
  `sifre` varchar(50) DEFAULT NULL,
  `email` varchar(50) DEFAULT NULL,
  `yasne` varchar(15) DEFAULT NULL,
  `kayittarih` varchar(15) DEFAULT NULL,
  `cinsiyet` varchar(50) DEFAULT NULL,
  `isim` varchar(50) DEFAULT NULL,
  `soyisim` varchar(50) DEFAULT NULL,
  `icon` text,
  `sehir` varchar(50) DEFAULT NULL,
  `son_tarih` varchar(15) DEFAULT NULL,
  `unvan` int(11) DEFAULT NULL,
  `ipno` varchar(50) DEFAULT NULL,
  `ban` int(11) DEFAULT NULL,
  `social` varchar(250) DEFAULT NULL,
  `socialtip` varchar(15) DEFAULT NULL,
  `seolinki` varchar(250) DEFAULT NULL,
  `hakkinda` varchar(255) DEFAULT NULL,
  PRIMARY KEY (`id`),
  KEY `id` (`id`)
) ENGINE=InnoDB DEFAULT CHARSET=utf8;

INSERT INTO `uyeler` (`id`, `kulladi`, `sifre`, `email`, `yasne`, `kayittarih`, `cinsiyet`, `isim`, `soyisim`, `icon`, `sehir`, `son_tarih`, `unvan`, `ipno`, `ban`, `social`, `socialtip`, `seolinki`, `hakkinda`) VALUES
(1,	'admin',	'21232f297a57a5a743894a0e4a801fc3',	NULL,	NULL,	'20160612161609',	NULL,	NULL,	NULL,	NULL,	NULL,	'20160616155338',	1,	'82.117.251.21',	0,	NULL,	NULL,	'admin',	NULL),
(2,	'rbrr',	'89258092d1a570d81c4034e660babead',	'shaternik.rbrr@gmail.com',	'',	'20160616172145',	'',	'',	'',	'',	'',	'20160617133058',	0,	'82.117.251.21',	0,	'',	'',	'rbrr',	NULL),
(3,	'seo',	'20abaf9d15742fcaca2a79b389919b8c',	'seo@seo.seo',	'',	'20160617162358',	'',	'',	'',	'',	'',	'20160617162358',	0,	'82.117.251.21',	0,	'',	'',	'seo',	NULL);

DROP TABLE IF EXISTS `widgets`;
CREATE TABLE `widgets` (
  `id` int(10) unsigned NOT NULL AUTO_INCREMENT,
  `key` varchar(255) COLLATE utf8_unicode_ci NOT NULL,
  `text` text COLLATE utf8_unicode_ci NOT NULL,
  `display` varchar(20) COLLATE utf8_unicode_ci NOT NULL,
  `type` varchar(20) COLLATE utf8_unicode_ci NOT NULL,
  `created_at` timestamp NOT NULL DEFAULT '0000-00-00 00:00:00',
  `updated_at` timestamp NOT NULL DEFAULT '0000-00-00 00:00:00',
  PRIMARY KEY (`id`)
) ENGINE=InnoDB DEFAULT CHARSET=utf8 COLLATE=utf8_unicode_ci;

INSERT INTO `widgets` (`id`, `key`, `text`, `display`, `type`, `created_at`, `updated_at`) VALUES
(1,	'Just a test',	'Test Footer Widget',	'on',	'Footer',	'2016-06-08 11:28:39',	'2016-06-08 11:57:46');

DROP TABLE IF EXISTS `yorumlar`;
CREATE TABLE `yorumlar` (
  `id` int(11) NOT NULL AUTO_INCREMENT,
  `yorum` text NOT NULL,
  `ekleyen` int(11) DEFAULT NULL,
  `tarih` varchar(15) DEFAULT NULL,
  `tip` varchar(255) NOT NULL,
  `domainaccess` varchar(100) NOT NULL,
  `icerikid` varchar(255) DEFAULT NULL,
  `spoiler` int(1) NOT NULL DEFAULT '0',
  `onay` int(2) NOT NULL DEFAULT '0',
  `u_name` varchar(100) DEFAULT NULL,
  `u_email` varchar(100) DEFAULT NULL,
  `out_id` int(11) DEFAULT NULL,
  `out_name` varchar(50) DEFAULT NULL,
  `out_link` varchar(200) DEFAULT NULL,
  `out_icon` varchar(200) DEFAULT NULL,
  PRIMARY KEY (`id`),
  KEY `id` (`id`),
  KEY `icerikid` (`icerikid`),
  KEY `ekleyen` (`ekleyen`)
) ENGINE=InnoDB DEFAULT CHARSET=utf8;

INSERT INTO `yorumlar` (`id`, `yorum`, `ekleyen`, `tarih`, `tip`, `domainaccess`, `icerikid`, `spoiler`, `onay`, `u_name`, `u_email`, `out_id`, `out_name`, `out_link`, `out_icon`) VALUES
(1,	'11111',	1,	'20160612162321',	'http://buy-dress.net/video/create-video-test-10',	'YnV5LWRyZXNzLm5ldA==',	'Post_60',	0,	1,	'',	'',	0,	'',	'',	''),
(2,	'test1',	1,	'20160612162538',	'http://buy-dress.net/video/create-video-test-10',	'YnV5LWRyZXNzLm5ldA==',	'Post_60',	0,	1,	'',	'',	0,	'',	'',	''),
(3,	'Ddfff',	0,	'20160614134124',	'http://buy-dress.net/poll/create-pollcreate-pollcreate',	'YnV5LWRyZXNzLm5ldA==',	'Post_62',	0,	1,	'Dfff',	'Cccc',	0,	'',	'',	''),
(4,	'test\n',	1,	'20160615113441',	'http://buy-dress.net/poll/create-pollcreate-pollcreate',	'YnV5LWRyZXNzLm5ldA==',	'Post_62',	0,	1,	'',	'',	0,	'',	'',	''),
(5,	'test comment',	0,	'20160616171647',	'http://buy-dress.net/video/create-video-test-10',	'YnV5LWRyZXNzLm5ldA==',	'Post_60',	0,	1,	'GuestTest',	'test@gmail.com',	0,	'',	'',	''),
(6,	'hi! it works',	0,	'20160616173101',	'http://buy-dress.net/video/create-video-test-10',	'YnV5LWRyZXNzLm5ldA==',	'Post_60',	0,	1,	'UT8LN',	'gfggd',	0,	'',	'',	''),
(7,	'5+',	2,	'20160616175117',	'http://buy-dress.net/video/fnhfd-hrshehetdhye-hehed',	'YnV5LWRyZXNzLm5ldA==',	'Post_63',	0,	1,	'',	'',	0,	'',	'',	''),
(8,	'Dhdhdgdg',	0,	'20160617111759',	'http://buy-dress.net/poll/create-pollcreate-pollcreate',	'YnV5LWRyZXNzLm5ldA==',	'Post_62',	0,	1,	'Ggffv',	'Gggg@ggg.com',	0,	'',	'',	''),
(9,	'bug bug bug',	0,	'20160617140835',	'http://buy-dress.net/video/create-video-test-10',	'YnV5LWRyZXNzLm5ldA==',	'Post_60',	0,	1,	'Great Potato',	'potato@vegetable.com',	0,	'',	'',	''),
(10,	'1',	1,	'20160622175656',	'http://buy-dress.net/poll/create-pollcreate-pollcreate',	'YnV5LWRyZXNzLm5ldA==',	'Post_62',	0,	1,	'',	'',	0,	'',	'',	''),
(11,	'1111',	0,	'20160622175714',	'http://buy-dress.net/poll/create-pollcreate-pollcreate',	'YnV5LWRyZXNzLm5ldA==',	'Post_62',	0,	1,	'Great Potato',	'potato@vegetable.com',	0,	'',	'',	'');

-- 2016-06-24 15:28:09
